marca,codigo_interno,codigo_fabrica,nombre,stock
STANLEY,15425,10-789,Cuchillas Retráctiles,0
STANLEY,15426,10-778,Cuchillas Retráctiles,0
STANLEY,15239,10-779,Cuchillas Retráctiles,0
STANLEY,15231,10-499,Cuchillas Retráctiles,0
STANLEY,15427,10-099,Cuchillas Retráctiles,0
STANLEY,14841,10-079,Cuchillas Retráctiles,0
STANLEY,14844,10-175,Cuchillas Retráctiles,0
STANLEY,14847,10-065LA,Cuchillas Retráctiles,0
STANLEY,12346,10-481,Cuchillas Snap-Off 18 mm,0
STANLEY,12347,10-486,Cuchillas Snap-Off din 340,0
STANLEY,12348,10-480S,Cuchillas Snap-Off 18 mm,0
STANLEY,14876,10-418S/stht10321-840,Cuchillas Snap-Off,0
STANLEY,14845,10-150/stht10322-840,Cuchillas Snap-Off 9 mm,0
STANLEY,14846,10-151/stht10323-840,Cuchillas Snap-Off 18 mm,0
STANLEY,15235,11-525,repuesto/cuchilla 5hs Alfombra,0
STANLEY,15236,10-131,Cuchillas Snap-Off 9 mm,0
STANLEY,15237,10-143,Cuchillas Snap-Off 18 mm,0
STANLEY,15238,10-202LA/stht81433-840,Juego de Cuchillas Snap-Off 10-131 y 10-143,0
STANLEY,12349,10-780,Cuchillas de Hoja Fija,0
STANLEY,14842,10-209,Cuchillas de Hoja Fija,0
STANLEY,14859,10-299,Cuchillas de Hoja Fija,0
STANLEY,15232,10-189C,Cuchillas de Seguridad Autoretractil https://www.stanleyworks.es/producto/0-10-189/cutter-autoretractil?tid=569056,0
STANLEY,15220,10-401,Cuchillas Hobby con Mango de Aluminio 144 mm,0
STANLEY,14857,11-921A,Hojas de Repuesto - Contiene 100 Unidades,0
STANLEY,14854,11-921B,Precio por Unidad - Contiene 100 Unidades,0
STANLEY,15224,11-987,Hojas de Repuesto - Blister de 5 hojas,0
STANLEY,14856,11-300,Precio por Unidad - Contiene 10 Unidades 9 mm,0
STANLEY,14855,11-301,Precio por Unidad - Contiene 3 Unidades 18 mm,0
STANLEY,15183,14-125,Corta Vidrios,0
STANLEY,14889,15-334,"Serrucho para Caja de Herramientas 15""",0
STANLEY,14887,15-335,"Serrucho Corte Cruzado 20""",0
STANLEY,14924,15-558,"Serrucho Profesional 18""",0
STANLEY,14925,15-559,"Serrucho Profesional 20""",0
STANLEY,14926,15-560,"Serrucho Profesional 22""",0
STANLEY,14927,15-561,"Serrucho Profesional 24""",0
STANLEY,14928,15-562,"Serrucho Profesional 26""",0
STANLEY,14895,15-469,"Serrucho Luctador 16""",0
STANLEY,14890,15-470,"Serrucho Luctador 18""",0
STANLEY,14891,15-471,"Serrucho Luctador 20""",0
STANLEY,14892,15-472,"Serrucho Luctador 22""",0
STANLEY,14893,15-473,"Serrucho Luctador 24""",0
STANLEY,14894,15-474,"Serrucho Luctador 26""",0
STANLEY,12350,20-145,"Serrucho Carpintero Universal 15""",0
STANLEY,12351,20-146,"Serrucho Carpintero Universal 20""",0
STANLEY,12352,20-147,"Serrucho Carpintero Universal 22""",0
STANLEY,14896,15-884,"Serruchos de Costilla 12""",0
STANLEY,14897,15-886,"Serruchos de Costilla 14""",0
STANLEY,14902,15-556,Serruchos para Tablaroca,0
STANLEY,14898,15-675,"Sierras de Podar 12""",0
STANLEY,14899,15-676,"Sierras de Podar 14""",0
STANLEY,14040,20-800,Cajas de Inglete con Serrucho,0
STANLEY,14027,20-112,Cajas de Inglete sin Serrucho,0
STANLEY,14028,20-600,Cajas de Inglete con Serrucho,0
STANLEY,14043,STHT19212S,Cajas de Inglete sin Serrucho,0
STANLEY,14881,15-106,Serruchos de Calar,0
STANLEY,14849,15-058,Hoja para Serruchos de Calar 10 dtes.,0
STANLEY,14850,15-059,Hoja para Serruchos de Calar 20 dtes.,0
STANLEY,14852,15-061,Hoja para Serruchos de Calar 15 dts.,0
STANLEY,14906,15-098,Arcos de Sierra 305 mm,0
STANLEY,14905,20-206,Arcos de Sierra,0
STANLEY,14908,15-200,Arcos de Sierra 305 mm,0
STANLEY,12065,20-807,Mini Arcos de Sierra,0
STANLEY,12066,15-381,"Arcos de Talar 21""",0
STANLEY,12067,15-384,"Arcos de Talar 24""",0
STANLEY,12068,15-387,"Arcos de Talar 30""",0
STANLEY,14865,15-382,"Hoja para Arco de Talar 21""",0
STANLEY,14866,15-385,"Hoja para Arco de Talar 24""",0
STANLEY,14867,15-388,"Hoja para Arco de Talar 30""",0
STANLEY,15180,59-020,Hachas,0
STANLEY,15173,70-042,Tijeras para podar,0
STANLEY,15172,14-302,Tijeras de una mano para podar,0
STANLEY,14990,14-562,Tijeras de Aviacion Izquierda,0
STANLEY,14991,14-563,Tijeras de Aviacion Centro,0
STANLEY,14992,14-564,Tijeras de Aviacion Derecha,0
STANLEY,15169,14-566,Tijeras de Hojalatero,0
STANLEY,15045,14-371LA,"Corta Pernos 8""",0
STANLEY,15046,95-562,"Corta Pernos 12""",0
STANLEY,15047,95-563LA,"Corta Pernos 14""",0
STANLEY,15048,95-564LA,"Corta Pernos 18""",0
STANLEY,15049,95-565LA,"Corta Pernos 24""",0
STANLEY,15050,95-566LA,"Corta Pernos 30""",0
STANLEY,15051,95-567,"Corta Pernos 36""",0
STANLEY,14638,93-021,Corta Tubos 3-32mm,0
STANLEY,14631,93-020,Corta Tubos 3-30mm,0
STANLEY,14635,93-033,Corta Tubos 3-15mm,0
STANLEY,15040,14-442,Corta Tubos para PVC,0
STANLEY,14636,93-040,Juego de Abocinador,0
STANLEY,14637,87-448,Llave de Lavatorio,0
STANLEY,14914,12-163,"Cepillos 3""",0
STANLEY,14915,12-164,"Cepillos 4""",0
STANLEY,14916,12-165,"Cepillos 5""",0
STANLEY,14835,12-210,Cepillo Block,0
STANLEY,14829,12-101,Cepillo pequeño para desbaste,0
STANLEY,14860,1-12-312,Cuchilla de repuesto para Cepillo # 3,0
STANLEY,14861,12-313,Cuchilla de repuesto para Cepillo # 4 y 5,0
STANLEY,14922,1-12-325,Cuchilla de repuesto para Cepillo # 6,0
STANLEY,14826,21-296,Cepillo Surform,0
STANLEY,14839,21-295,Escofina Surform,0
STANLEY,14816,21-399,Cepillo Surform de bolsillo,0
STANLEY,14817,21-115,Raspador Surform,0
STANLEY,14827,21-293,Hoja Surform,0
STANLEY,14045,28-080S,"Espátulas 1.1/2""",0
STANLEY,14046,28-081S,"Espátulas 2""",0
STANLEY,14044,28-082S,"Espátulas 2.1/2""",0
STANLEY,14047,28-083S,"Espátulas 3""",0
STANLEY,14048,28-084S,"Espátulas 4""",0
STANLEY,14049,28-085S,"Espátulas 5""",0
STANLEY,12315,28-036S,"Espátulas 8""",0
STANLEY,12316,28-037,"Espátulas 10""",0
STANLEY,12317,28-038S,"Espátulas 12""",0
STANLEY,14051,28-100,Mini Raspador,0
STANLEY,14052,28-500,Raspador de hojas intercambiables,0
STANLEY,14056,28-619,Raspador de pintura,0
STANLEY,14055,28-593,Raspador de ventanas,0
STANLEY,12353,21-112,Cepillo de cerdas metalicas,0
STANLEY,14053,28-510,Hojas de Repuesto P/Raspador 28-500,0
STANLEY,14083,1-77-174,Rueda Medidoras 1 Rueda 10000 mts,0
STANLEY,14084,1-77-175,Rueda Medidoras 2 Ruedas 1000 mts,0
STANLEY,13543,42-240,"Nivel Profesional 24""",0
STANLEY,13545,42-480,"Nivel Profesional 48""",0
STANLEY,13540,42-244,Nivel Profesional Magnetico 609mm,0
STANLEY,13541,42-486,Nivel Profesional Magnetico 1219mm,0
STANLEY,14066,42-466,"Nivel de Resina Estructural  IVA 10,5 12""",0
STANLEY,14061,42-467,"Nivel de Resina Estructural  IVA 10,5 18""",0
STANLEY,14062,42-468S,"Nivel de Resina Estructural  IVA 10,5 24""",0
STANLEY,14091,STHT42072-LA,"Nivel de Aluminio  IVA 10,5 12""",0
STANLEY,14092,STHT42073-LA,"Nivel de Aluminio  IVA 10,5 18""",0
STANLEY,14098,STHT42074-LA,"Nivel de Aluminio  IVA 10,5 24""",0
STANLEY,14099,STHT42075-LA,"Nivel de Aluminio  IVA 10,5 36""",0
STANLEY,14079,STHT42076-LA,"Nivel de Aluminio  IVA 10,5 48""",0
STANLEY,14070,42-294,"Nivel Torpedo Magnetico IVA 10,5 203mm",0
STANLEY,13542,42-291,"Nivel Torpedo Magnetico IVA 10,5 203mm",0
STANLEY,14064,42-287,"Nivel de linea Metalico   IVA 10,5 79mm",0
STANLEY,14067,42-193,"Nivel de linea Plastico   IVA 10,5",0
STANLEY,12354,45-300,Escuadra de carpintero de aluminio 610x405,0
STANLEY,12355,45-600,Escuadra de carpintero de acero 610x510,0
STANLEY,12356,45-500,Escuadra de carpintero de acero 610x405,0
STANLEY,12357,45-912,Escuadra de carpintero de acero 305x203,0
STANLEY,12358,45-011,Escuadra Profesional de Techero 610x405,0
STANLEY,12359,45-910,Escuadra de Techero 610x405,0
STANLEY,14203,46-028,Escuadra de Combinacion Profesional 305mm,0
STANLEY,12319,46-038,Escuadra economica 203mm,0
STANLEY,12320,46-039,Escuadra economica 254mm,0
STANLEY,12321,46-040,Escuadra economica 305mm,0
STANLEY,14201,46-830,Falsa escuadra,0
STANLEY,15001,47-440,Tiza Líneas 30 mts.,0
STANLEY,15008,47-443,Juegos de Marcador - Tiza  y Nivel,0
STANLEY,15009,47-442,Juegos de Tiza Líneas y Tizas,0
STANLEY,15006,47-803,Botella de Tiza de 8 onzas azul,0
STANLEY,15019,DWHT47048L,Botella de Tiza de 8 onzas DEWALT roja,0
STANLEY,14840,47-350,Lapices para Carpinteria,0
STANLEY,13456,51-505,Martillo mango de fibra de vidrio 450 grs.,0
STANLEY,15165,54-716,Martillo de Bola con mango de grafito 450 grs.,0
STANLEY,14998,51-081,Martillo mango de acero 450 grs.,0
STANLEY,14999,51-082,Martillo mango de acero 576 grs.,0
STANLEY,14985,51-271/stht51370-840,Martillo con mango de madera cabeza conica 450 grs.,0
STANLEY,14986,51-274/stht51371-840,Martillo con mango de madera cabeza conica 570 grs.,0
STANLEY,14982,54-304,Martillo para Tapicero con punta magnetica 200 grs.,0
STANLEY,15100,54-189,Martillo de Bola 230 grs.,0
STANLEY,15101,54-190,Martillo de Bola 340 grs.,0
STANLEY,15102,54-191,Martillo de Bola 450 grs.,0
STANLEY,15103,54-192,Martillo de Bola 680 grs.,0
STANLEY,15104,54-193,Martillo de Bola 910 grs.,0
STANLEY,15105,54-194,Martillo de Bola 1200 grs.,0
STANLEY,15117,56-399,Maza Octogonal .9 kg.,0
STANLEY,15123,56-400,Maza Octogonal 1.4 kg.,0
STANLEY,15124,56-401,Maza Octogonal 1.8 kg.,0
STANLEY,15125,56-606,Maza Octogonal 2.7 kg.,0
STANLEY,15126,56-608,Maza Octogonal 3.6 kg.,0
STANLEY,15127,56-610,Maza Octogonal 4.5 kg.,0
STANLEY,15128,56-612,Maza Octogonal 5.4 kg.,0
STANLEY,15129,56-614,Maza Octogonal 6.3 kg.,0
STANLEY,15119,57-531,Martillos de Superficie Suave 510 grs.,0
STANLEY,15120,57-532,Martillos de Superficie Suave 600 grs.,0
STANLEY,15121,57-533,Martillos de Superficie Suave 1190 grs.,0
STANLEY,15122,57-534,Martillos de Superficie Suave 1480 grs.,0
STANLEY,15114,57-541,Martillo Compo-cast de Superficie Suave 400 grs.,0
STANLEY,15115,57-542,Martillo Compo-cast de Superficie Suave 510 grs.,0
STANLEY,15158,57-550,"Mazo Compo-cast de Superficie Suave 2300 grs,",0
STANLEY,15160,57-552,Mazo Compo-cast de Superficie Suave 4770 grs.,0
STANLEY,15161,57-554,Mazo Compo-cast de Superficie Suave 5230 grs.,0
STANLEY,14994,57-516LA,Maza de Goma 369 grs.,0
STANLEY,14995,57-523LA,Maza de Goma 567 grs.,0
STANLEY,15190,16-870LA,Formon para Madera Dynagrip 6 mm,0
STANLEY,15191,16-872LA,Formon para Madera Dynagrip 10 mm,0
STANLEY,15192,16-873LA,Formon para Madera Dynagrip 12 mm,0
STANLEY,15193,16-876LA,Formon para Madera Dynagrip 16 mm,0
STANLEY,15194,16-877LA,Formon para Madera Dynagrip 18 mm,0
STANLEY,15195,16-879LA,Formon para Madera Dynagrip 22 mm,0
STANLEY,15196,16-880LA,Formon para Madera Dynagrip 25 mm,0
STANLEY,15197,16-881LA,Formon para Madera Dynagrip 32 mm,0
STANLEY,15198,16-882LA,Formon para Madera Dynagrip 38 mm,0
STANLEY,14940,16-104LA,Formon para Madera Thrifty 6 mm,0
STANLEY,14941,16-106LA,Formon para Madera Thrifty 10 mm,0
STANLEY,14942,16-107LA,Formon para Madera Thrifty 13 mm,0
STANLEY,14943,16-110LA,Formon para Madera Thrifty 16 mm,0
STANLEY,14944,16-111LA,Formon para Madera Thrifty 19 mm,0
STANLEY,14945,16-114LA,Formon para Madera Thrifty 22 mm,0
STANLEY,14946,16-115LA,Formon para Madera Thrifty 25 mm,0
STANLEY,14939,16-117LA,Formon para Madera Thrifty 32 mm,0
STANLEY,14947,16-118LA,Formon para Madera Thrifty 38 mm,0
STANLEY,15207,16-125LA,Juego de Formones Thrifty,0
STANLEY,14948,16-120,Juego de Gubías,0
STANLEY,14598,58-230,Juego de Punzones,0
STANLEY,12274,16-306,Cortafrio Cinceles 1/4 x 5,0
STANLEY,12275,16-286,Cortafrio Cinceles 3/8 x 5.9/16,0
STANLEY,12276,16-287,Cortafrio Cinceles 1/2 x 6,0
STANLEY,12277,16-307,Cortafrio Cinceles 1/2 x 9,0
STANLEY,12278,16-288,Cortafrio Cinceles 5/8 x 6.3/4,0
STANLEY,12279,16-309,Cortafrio Cinceles 5/8 x 12,0
STANLEY,12280,16-289,Cortafrio Cinceles 3/4 x 6.7/8,0
STANLEY,12281,16-310,Cortafrio Cinceles 3/4 x 8,0
STANLEY,12282,16-313,Cortafrio Cinceles 3/4 x 10,0
STANLEY,12283,16-314,Cortafrio Cinceles 3/4 x 12,0
STANLEY,12284,16-290,Cortafrio Cinceles 7/8 x 8,0
STANLEY,12285,16-315,Cortafrio Cinceles 1 x 8,0
STANLEY,12286,16-317,Cortafrio Cinceles 1 x 10,0
STANLEY,12287,16-291,Cortafrio Cinceles 1 x 12,0
STANLEY,15018,16-319,Puntas de Albañil 18 x 305mm,0
STANLEY,12268,16-227,Centro Punto 1/4 x 4,0
STANLEY,12269,16-228,Centro Punto 5/16 x 4.1/2,0
STANLEY,12270,16-323,Centro Punto 3/8 x 5,0
STANLEY,12271,16-325,Centro Punto 1/2 x 6,0
STANLEY,14951,16-298,Juego de Cinceles 3 piezas,0
STANLEY,14957,16-326,Juego de Cinceles 5 piezas,0
STANLEY,14953,16-299,Juego de Cinceles y Botadores 12 piezas,0
STANLEY,14949,16-226,Juego de Botadores 6 piezas,0
STANLEY,14086,55-118,Barreta Exagonal Pata de Cabra 16 x 455,0
STANLEY,14087,55-124,Barreta Exagonal Pata de Cabra 19 x 610,0
STANLEY,14089,55-136,Barreta Exagonal Pata de Cabra 19 x 915,0
STANLEY,14090,55-150,"Barreta Larga Recta 1,5 mts.",0
STANLEY,14179,65-966/60-163,Destornilladores Aislados 1000 v 3 x100,0
STANLEY,14180,65-967/60-164,Destornilladores Aislados 1000 v 4 x 100,0
STANLEY,14181,65-968/60-165,Destornilladores Aislados 1000 v 5.5 x 125,0
STANLEY,14182,65-969/60-166,Destornilladores Aislados 1000 v 6.5 x 150,0
STANLEY,14183,65-970/60-167,Destornilladores Aislados 1000 v 8 x 175,0
STANLEY,14184,65-971,Destornilladores Aislados 1000 v 10 x 200,0
STANLEY,14185,65-972/60-168,Destornilladores Aislados 1000 v Ph 0 x 60,0
STANLEY,14186,65-973/60-169,Destornilladores Aislados 1000 v Ph 1 x 75,0
STANLEY,14187,65-974/60-170,Destornilladores Aislados 1000 v Ph 2 x 100,0
STANLEY,14188,65-975/60-171,Destornilladores Aislados 1000 v Ph 3 x 150,0
STANLEY,12125,STHT69118,Destornilladores Pro Punta Estándar 6 x 40,0
STANLEY,12164,69-101,Destornilladores Pro Punta Estándar 6 x 76,0
STANLEY,12128,STHT69119,Destornilladores Pro Punta Estándar 6 x 100,0
STANLEY,12129,STHT69120,Destornilladores Pro Punta Estándar 6 x 150,0
STANLEY,12130,STHT69121,Destornilladores Pro Punta Estándar 8 x 150,0
STANLEY,12166,STHT69175,Destornilladores Pro Punta Estándar 8 x 254,0
STANLEY,12131,STHT69123,Destornilladores Pro Punta Estándar 10 x 200,0
STANLEY,12167,STHT69124,Destornilladores Pro Punta Estándar 10 x 255,0
STANLEY,12133,STHT69126,Destornilladores Pro Punta Estándar 10 x 300,0
STANLEY,12120,STHT69109,Destornilladores Pro Punta Gabinete 5 x 75,0
STANLEY,12121,STHT69111,Destornilladores Pro Punta Gabinete 5 x 100,0
STANLEY,12122,STHT69112,Destornilladores Pro Punta Gabinete 5 x 150,0
STANLEY,12119,69-113,Destornilladores Pro Punta Gabinete 5 x 200,0
STANLEY,12123,69-114,Destornilladores Pro Punta Gabinete 5 x 250,0
STANLEY,12118,STHT69116,Destornilladores Pro Punta Gabinete 5 x 305,0
STANLEY,12145,STHT69102 Destornilladores Pro Punta Gabinete Extra Liviano,3 x 50,0
STANLEY,12146,STHT69103 Destornilladores Pro Punta Gabinete Extra Liviano,3 x 76,0
STANLEY,12165,STHT69104 Destornilladores Pro Punta Gabinete Extra Liviano,3 x 100,0
STANLEY,12147,STHT69106 Destornilladores Pro Punta Gabinete Extra Liviano,3 x 150,0
STANLEY,12148,STHT69107 Destornilladores Pro Punta Gabinete Extra Liviano,3 x 200,0
STANLEY,12149,69-108 Destornilladores Pro Punta Gabinete Extra Liviano,3 x255,0
STANLEY,12135,stht69127,Destornilladores Pro Barra Cuadrada 6 x 100,0
STANLEY,12045,stht69176,Destornilladores Pro Barra Cuadrada 6 x 150,0
STANLEY,12136,stht69128,Destornilladores Pro Barra Cuadrada 8 x 150,0
STANLEY,12137,stht69133,Destornilladores Pro Barra Cuadrada 10 x 200,0
STANLEY,12046,69-134,Destornilladores Pro Barra Cuadrada 10 x 255,0
STANLEY,12047,69-137,Destornilladores Pro Barra Cuadrada 13 x 305,0
STANLEY,12110,stht69138,Destornilladores Pro Punta Phillips Ph 0 x 70,0
STANLEY,12103,STHT69138,Destornilladores Pro Punta Phillips Ph 0 x 100,0
STANLEY,12115,STHT69139,Destornilladores Pro Punta Phillips Ph 1 x 40,0
STANLEY,12105,STHT69178,Destornilladores Pro Punta Phillips Ph 1 x 75,0
STANLEY,12111,STHT69141,Destornilladores Pro Punta Phillips Ph 1 x 100,0
STANLEY,12106,STHT69142,Destornilladores Pro Punta Phillips Ph 1 x 254,0
STANLEY,12116,STHT69144,Destornilladores Pro Punta Phillips Ph 2 x 55,0
STANLEY,12112,STHT69145,Destornilladores Pro Punta Phillips Ph 2 x 100,0
STANLEY,12107,69-180,Destornilladores Pro Punta Phillips Ph 2 x 150,0
STANLEY,12113,STHT69146,Destornilladores Pro Punta Phillips Ph 2 x 200,0
STANLEY,12108,STHT69147,Destornilladores Pro Punta Phillips Ph 2 x 254,0
STANLEY,12114,STHT69148,Destornilladores Pro Punta Phillips Ph 3 x 150,0
STANLEY,12109,stht69150,Destornilladores Pro Punta Phillips Ph 4 x 200,0
STANLEY,14080,69-168,Saca Tachuelas,0
STANLEY,12140,STHT69162,Destornilladores Pro Punta Torx T10,0
STANLEY,12141,STHT69163,Destornilladores Pro Punta Torx T15,0
STANLEY,12142,STHT69164,Destornilladores Pro Punta Torx T20,0
STANLEY,12143,STHT69166,Destornilladores Pro Punta Torx T25,0
STANLEY,12144,stht69167,Destornilladores Pro Punta Torx T30,0
STANLEY,12037,65-247,Destornilladores Pro de Golpe 6 x 100,0
STANLEY,12038,65-249,Destornilladores Pro de Golpe 6 x 150,0
STANLEY,12039,65-254,Destornilladores Pro de Golpe 8 x 200,0
STANLEY,12040,65-245B,Destornilladores Pro de Golpe Ph 1 x 100,0
STANLEY,12041,65-250,Destornilladores Pro de Golpe Ph 2 x 100,0
STANLEY,12042,65-252,Destornilladores Pro de Golpe Ph 2 x 150,0
STANLEY,12043,65-258,Destornilladores Pro de Golpe Ph 3 x 200,0
STANLEY,14190,STHT69183,"Destornilladores Pro para Tuercas 1/4""",0
STANLEY,14191,STHT69184,"Destornilladores Pro para Tuercas 5/16""",0
STANLEY,14192,STHT69185,"Destornilladores Pro para Tuercas 3/8""",0
STANLEY,14193,69-186,"Destornilladores Pro para Tuercas 7/16""",0
STANLEY,14656,STHT69169,Juego de Destornilladores Pro 4 pzs.,0
STANLEY,14657,STHT69170,Juego de Destornilladores Pro 6 pzs.,0
STANLEY,14661,STHT69172,Juego de Destornilladores Pro 10 pzs.,0
STANLEY,14649,69-173,Juego de Destornilladores Pro Punta torx 4 pzs.,0
STANLEY,14148,65-243LA,Juego de Destonilladores CushionGrip 2 pzs.,0
STANLEY,14140,60-004S,Destornilladores Basic Punta Estándar 6 x 100,0
STANLEY,14141,60-006S,Destornilladores Basic Punta Estándar 6 x 150,0
STANLEY,14143,60-003S,Destornilladores Basic Punta Gabinete 5 x 75,0
STANLEY,14144,60-005S,Destornilladores Basic Punta Gabinete 5 x 150,0
STANLEY,14146,60-001S,Destornilladores Basic Punta Phillips Ph 1 x 100,0
STANLEY,14147,60-002S,Destornilladores Basic Punta Phillips Ph 2 x 100,0
STANLEY,12016,60-010S,Destornilladores Basic Punta Torx T10,0
STANLEY,12017,60-011S,Destornilladores Basic Punta Torx T15,0
STANLEY,12018,60-012S,Destornilladores Basic Punta Torx T20,0
STANLEY,12019,60-013S,Destornilladores Basic Punta Torx T25,0
STANLEY,12904,STMT60800-840,0x75 Phillips,0
STANLEY,12905,STMT60801-840,0x100 Phillips,0
STANLEY,12906,STMT60804-840,1x75 Phillips,0
STANLEY,12907,STMT60805-840,1x100 Phillips,0
STANLEY,12908,STMT60806-840,1x150 Phillips,0
STANLEY,12909,STMT60808-840,2x38 Phillips,0
STANLEY,12910,STMT60809-840,2x100 Phillips,0
STANLEY,12911,STMT60811-840,2x150 Phillips,0
STANLEY,12912,STMT60813-840,2x250 Phillips,0
STANLEY,12913,STMT60814-840,3x150 Phillips,0
STANLEY,12914,STMT60821-840,5x75 Planos,0
STANLEY,12915,STMT60825-840,"6,5x38 Planos",0
STANLEY,12916,STMT60826-840,"6,5x100 Planos",0
STANLEY,12917,STMT60828-840,"6,5x150 Planos",0
STANLEY,12918,STMT60829-840,"6,5x200 Planos",0
STANLEY,12919,STMT60831-840,8x150 Planos,0
STANLEY,12920,STMT60832-840,8x200 Planos,0
STANLEY,12921,STMT60833-840,8x250 Planos,0
STANLEY,12922,STMT60834-840,5x100 Gabinete,0
STANLEY,12923,STMT60835-840,5x150 Gabinete,0
STANLEY,12924,STMT60836-840,5x200 Gabinete,0
STANLEY,12925,STMT60844-840,T10 Torx,0
STANLEY,12926,STMT60845-840,T15 Torx,0
STANLEY,12927,STMT60847-840,T20 Torx,0
STANLEY,12928,STMT60848-840,T25 Torx,0
STANLEY,12929,STMT60849-840,T27 Torx,0
STANLEY,12930,STMT60850-840,T30 Torx,0
STANLEY,12022,60-042,Juego Destornilladores Basic Punta Torx 4 pzs.,0
,14660,STMT60060-,Juego Destornilladores Basic 6 pzs.,0
,14652,STMT60100-,Juego Destornilladores Basic 10 pzs.,0
,14779,STMT60220-,Juego Destornilladores Basic 20 pzs.,0
STANLEY,14653,66-052,Juego de Destornilladores de precision 6 pzs.,0
STANLEY,12027,stht54925-840,Juega de Destornilladores y Puntas 29 pzs.,0
STANLEY,13546,16-8946,Puntas de Destornillador 25 pzs. Ph 1 x 25,0
STANLEY,12151,69-251,Juego de Llaves Hexagonales Metricas 8 pzs.,0
STANLEY,12153,69-253,Juego de Llaves Hexagonales Metricas 10 pzs.,0
STANLEY,12152,69-252,Juego de Llaves Hexagonales Pulgadas 8 pzs.,0
STANLEY,12154,69-254,Juego de Llaves Hexagonales Pulgadas 10pzs. 12154,0
STANLEY,13993,TR250,Engrapadoras y Clavadoras para Trabajo Pesado,0
STANLEY,13655,TR150,Engrapadoras,0
STANLEY,13079,TR110,Engrapadoras  de Uso Ligero,0
STANLEY,13656,TRA704T,"Grapas 1/4 1/4""",0
STANLEY,13658,TRA705T,"Grapas 5/16 5/16""",0
STANLEY,13659,TRA706T,"Grapas 3/8 3/8""",0
STANLEY,13657,TRA708T,"Grapas 1/2 1/2""",0
STANLEY,13660,TRA709T,"Grapas 9/16 9/16""",0
STANLEY,14639,MR77C,Remachadoras con Cabeza Giratoria 4 bocas,0
STANLEY,14640,69-800,Remachadoras para Trabajo Pesado Profesional 4 bocas,0
STANLEY,14643,69-646,Remachadoras para Trabajo Mediano 3 bocas,0
STANLEY,14032,02-110,Taladro Berbiqui c/crique 255 mm,0
STANLEY,14035,02-112,Taladro Berbiqui c/crique 305 mm,0
STANLEY,12234,78-054,"Compresor de Aqnillos de Piston 2.1/8 a 5""",0
STANLEY,12235,79-048,"Compresor de Aqnillos de Piston 3.1/2 a 7""",0
STANLEY,12250,79-033,Probador de Compresion de Manguera Flexible,0
STANLEY,12240,78-207,Probador de Circuitos de 6v y 12v,0
STANLEY,12241,78-208,Probador de Continuidad,0
STANLEY,12176,78-022,Herramientas para remover Resortes de Frenos,0
STANLEY,12230,78-228,Llave de Banda para Filtro de Aceite 73 a 85 mm,0
STANLEY,12231,78-229,Llave de Banda para Filtro de Aceite 89 a 98 mm,0
STANLEY,12252,78-031,Grasera tipo Palanca,0
STANLEY,12245,79-037 Inflador de Neumaticos con Manometro de Barras y Manguera,1/4 Mpt,0
STANLEY,12248,79-052,Manometro Cuadrante para Neumaticos,0
STANLEY,12179,78-214,"Calibrador 36 hojas 0.002 a 0.016""",0
STANLEY,12170,82-100,Extractor Reversible de 3 brazos 4 toneladas,0
STANLEY,12171,82-102,Extractor Reversible de 3 brazos 6 toneladas,0
STANLEY,12364,79-045,"Partidor de Tuercas de 5/8"" a 7/8""",0
STANLEY,12366,78-020 Herramienta Magnetica Flexible de Recuperacion Telescopica,"Largo 18""",0
STANLEY,12213,78-021,Recogedor Magnetico Telescopico,0
STANLEY,12214,78-241,Espejo Redondo de Inspeccion,0
STANLEY,12246,79-058,Pistola de Aire de alta precision,0
STANLEY,14229,4-86-021,"Bocallave enc. 1/4” Exagonal 5/32""",0
STANLEY,14230,4-86-022,"Bocallave enc. 1/4” Exagonal 3/16""",0
STANLEY,14231,4-86-023,"Bocallave enc. 1/4” Exagonal 7/32""",0
STANLEY,14232,4-86-024,"Bocallave enc. 1/4” Exagonal 1/4""",0
STANLEY,14233,86-025,"Bocallave enc. 1/4” Exagonal 9/32""",0
STANLEY,14234,4-86-026,"Bocallave enc. 1/4” Exagonal 5/16""",0
STANLEY,14235,4-86-027,"Bocallave enc. 1/4” Exagonal 11/32""",0
STANLEY,14236,4-86-028,"Bocallave enc. 1/4” Exagonal 3/8""",0
STANLEY,14237,4-86-029,"Bocallave enc. 1/4” Exagonal 7/16""",0
STANLEY,14238,4-86-030,"Bocallave enc. 1/4” Exagonal 1/2""",0
STANLEY,14242,4-86-101,Bocallave enc. 1/4” Exagonal Metrico 4 mm,0
STANLEY,14240,4-86-110,"Bocallave enc. 1/4” Exagonal Metrico 4,5mm",0
STANLEY,14243,4-86-102,Bocallave enc. 1/4” Exagonal Metrico 5 mm,0
STANLEY,14244,4-86-103,Bocallave enc. 1/4” Exagonal Metrico 6 mm,0
STANLEY,14245,4-86-104,Bocallave enc. 1/4” Exagonal Metrico 7 mm,0
STANLEY,14246,4-86-105,Bocallave enc. 1/4” Exagonal Metrico 8 mm,0
STANLEY,14247,4-86-106,Bocallave enc. 1/4” Exagonal Metrico 9 mm,0
STANLEY,14248,4-86-107,Bocallave enc. 1/4” Exagonal Metrico 10 mm,0
STANLEY,14249,4-86-108,Bocallave enc. 1/4” Exagonal Metrico 11 mm,0
STANLEY,14250,4-86-109,Bocallave enc. 1/4” Exagonal Metrico 12 mm,0
STANLEY,14251,4-86-112,Bocallave enc. 1/4” Exagonal Metrico 13 mm,0
STANLEY,14252,4-86-114,Bocallave enc. 1/4” Exagonal Metrico 14 mm,0
STANLEY,15256,4-88-936,Bocallave enc. 1/4” Exagonal Largo Metrico 5 mm,0
STANLEY,14221,4-86-094,Bocallave enc. 1/4” Exagonal Largo Metrico 6 mm,0
STANLEY,14222,4-86-095,Bocallave enc. 1/4” Exagonal Largo Metrico 7 mm,0
STANLEY,14223,4-86-096,Bocallave enc. 1/4” Exagonal Largo Metrico 8 mm,0
STANLEY,14224,4-86-097,Bocallave enc. 1/4” Exagonal Largo Metrico 9 mm,0
STANLEY,14225,4-86-098,Bocallave enc. 1/4” Exagonal Largo Metrico 10 mm,0
STANLEY,14226,4-86-099,Bocallave enc. 1/4” Exagonal Largo Metrico 11 mm,0
STANLEY,14227,4-86-100,Bocallave enc. 1/4” Exagonal Largo Metrico 12 mm,0
STANLEY,14228,4-86-116,Bocallave enc. 1/4” Exagonal Largo Metrico 13 mm,0
STANLEY,14288,4-86-255,"Bocallave enc. 3/8” Exagonal Pulgada 1/4""",0
STANLEY,14289,4-86-256,"Bocallave enc. 3/8” Exagonal Pulgada 5/16""",0
STANLEY,14290,4-88-976,"Bocallave enc. 3/8” Exagonal Pulgada 3/8""",0
STANLEY,14291,4-88-977,"Bocallave enc. 3/8” Exagonal Pulgada 7/16""",0
STANLEY,14292,4-88-978,"Bocallave enc. 3/8” Exagonal Pulgada 1/2""",0
STANLEY,14293,4-88-979,"Bocallave enc. 3/8” Exagonal Pulgada 9/16""",0
STANLEY,14294,4-88-980,"Bocallave enc. 3/8” Exagonal Pulgada 5/8""",0
STANLEY,14295,4-88-161,"Bocallave enc. 3/8” Exagonal Pulgada 11/16""",0
STANLEY,14296,4-88-162,"Bocallave enc. 3/8” Exagonal Pulgada 3/4""",0
STANLEY,14297,4-88-164,"Bocallave enc. 3/8” Exagonal Pulgada 13/16""",0
STANLEY,14298,4-88-165,"Bocallave enc. 3/8” Exagonal Pulgada 7/8""",0
STANLEY,14301,4-86-301,Bocallave enc. 3/8” Exagonal Metrico 6 mm,0
STANLEY,14302,4-86-302,Bocallave enc. 3/8” Exagonal Metrico 7 mm,0
STANLEY,14303,4-86-303,Bocallave enc. 3/8” Exagonal Metrico 8 mm,0
STANLEY,14304,4-86-304,Bocallave enc. 3/8” Exagonal Metrico 9 mm,0
STANLEY,14305,4-86-305,Bocallave enc. 3/8” Exagonal Metrico 10 mm,0
STANLEY,14306,4-86-306,Bocallave enc. 3/8” Exagonal Metrico 11 mm,0
STANLEY,14307,4-86-307,Bocallave enc. 3/8” Exagonal Metrico 12 mm,0
STANLEY,14308,4-86-308,Bocallave enc. 3/8” Exagonal Metrico 13 mm,0
STANLEY,14309,4-86-309,Bocallave enc. 3/8” Exagonal Metrico 14 mm,0
STANLEY,14310,4-86-310,Bocallave enc. 3/8” Exagonal Metrico 15 mm,0
STANLEY,14311,4-86-311,Bocallave enc. 3/8” Exagonal Metrico 16 mm,0
STANLEY,14312,4-86-312,Bocallave enc. 3/8” Exagonal Metrico 17 mm,0
STANLEY,14313,4-88-131,Bocallave enc. 3/8” Exagonal Metrico 18 mm,0
STANLEY,14314,4-88-132,Bocallave enc. 3/8” Exagonal Metrico 19 mm,0
STANLEY,14317,4-88-133,Bocallave enc. 3/8” Exagonal Metrico 20 mm,0
STANLEY,14315,4-88-134,Bocallave enc. 3/8” Exagonal Metrico 21 mm,0
STANLEY,14316,4-88-135,Bocallave enc. 3/8” Exagonal Metrico 22 mm,0
STANLEY,14318,4-88-136,Bocallave enc. 3/8” Exagonal Metrico 23 mm,0
STANLEY,14319,4-88-137,Bocallave enc. 3/8” Exagonal Metrico 24 mm,0
STANLEY,14716,4-88-985,"Bocallave enc. 3/8” Exagonal Largo Pulgada 3/8""",0
STANLEY,14717,4-88-986,"Bocallave enc. 3/8” Exagonal Largo Pulgada 7/16""",0
STANLEY,14718,4-88-987,"Bocallave enc. 3/8” Exagonal Largo Pulgada 1/2""",0
STANLEY,14719,4-88-988,"Bocallave enc. 3/8” Exagonal Largo Pulgada 9/16""",0
STANLEY,14720,4-88-989,"Bocallave enc. 3/8” Exagonal Largo Pulgada 5/8""",0
STANLEY,14721,4-88-990,"Bocallave enc. 3/8” Exagonal Largo Pulgada 11/16""",0
STANLEY,14722,4-88-991,"Bocallave enc. 3/8” Exagonal Largo Pulgada 3/4""",0
STANLEY,14723,4-88-992,"Bocallave enc. 3/8” Exagonal Largo Pulgada 13/16""",0
STANLEY,14725,4-86-322,Bocallave enc. 3/8” Exagonal Largo Metrico 10 mm,0
STANLEY,14726,4-86-323,Bocallave enc. 3/8” Exagonal Largo Metrico 11 mm,0
STANLEY,14727,4-86-324,Bocallave enc. 3/8” Exagonal Largo Metrico 12 mm,0
STANLEY,14728,4-86-325,Bocallave enc. 3/8” Exagonal Largo Metrico 13 mm,0
STANLEY,14729,4-86-326,Bocallave enc. 3/8” Exagonal Largo Metrico 14 mm,0
STANLEY,14730,4-86-327,Bocallave enc. 3/8” Exagonal Largo Metrico 15 mm,0
STANLEY,14733,4-88-825,Bocallave enc. 3/8” Exagonal Largo Metrico 16 mm,0
STANLEY,14731,4-86-328,Bocallave enc. 3/8” Exagonal Largo Metrico 17 mm,0
STANLEY,14734,4-88-826,Bocallave enc. 3/8” Exagonal Largo Metrico 18 mm,0
STANLEY,14732,4-86-329,Bocallave enc. 3/8” Exagonal Largo Metrico 19 mm,0
STANLEY,14735,4-88-827,Bocallave enc. 3/8” Exagonal Largo Metrico 20 mm,0
STANLEY,14736,4-88-828,Bocallave enc. 3/8” Exagonal Largo Metrico 21 mm,0
STANLEY,14737,4-88-829,Bocallave enc. 3/8” Exagonal Largo Metrico 22 mm,0
STANLEY,14738,4-88-837,Bocallave enc. 3/8” Exagonal Largo Metrico 23 mm,0
STANLEY,14269,4-86-380,"Tubo para Bujia enc. 3/8"" 5/8""",0
STANLEY,14270,4-86-381,"Tubo para Bujia enc. 3/8"" 13/16""",0
STANLEY,14749,4-87-965,Tubo Punta Exagonal enc. 3/8” Metrico 3 mm,0
STANLEY,14750,4-87-971,Tubo Punta Exagonal enc. 3/8” Metrico 4 mm,0
STANLEY,14751,4-87-972,Tubo Punta Exagonal enc. 3/8” Metrico 5 mm,0
STANLEY,14752,4-87-973,Tubo Punta Exagonal enc. 3/8” Metrico 6 mm,0
STANLEY,14753,4-87-974,Tubo Punta Exagonal enc. 3/8” Metrico 7 mm,0
STANLEY,14754,4-87-975,Tubo Punta Exagonal enc. 3/8” Metrico 8 mm,0
STANLEY,14755,4-87-976,Tubo Punta Exagonal enc. 3/8” Metrico 10 mm,0
STANLEY,15271,4-86-177,"Bocallave Punta Destornillador Phillips enc. 3/8"" Ph.2",0
STANLEY,15272,86-336,"Bocallave Punta Destornillador Phillips enc. 3/8"" Ph.3",0
STANLEY,15274,4-87-404,"Bocallave Punta Torx enc. 3/8"" T10",0
STANLEY,15275,4-87-141,"Bocallave Punta Torx enc. 3/8"" T15",0
STANLEY,15276,4-87-142,"Bocallave Punta Torx enc. 3/8"" T20",0
STANLEY,15277,4-87-143,"Bocallave Punta Torx enc. 3/8"" T25",0
STANLEY,15278,4-87-406,"Bocallave Punta Torx enc. 3/8"" T27",0
STANLEY,15279,4-87-144,"Bocallave Punta Torx enc. 3/8"" T30",0
STANLEY,15280,4-87-145,"Bocallave Punta Torx enc. 3/8"" T40",0
STANLEY,15281,4-87-146,"Bocallave Punta Torx enc. 3/8"" T45",0
STANLEY,15282,4-87-147,"Bocallave Punta Torx enc. 3/8"" T50",0
STANLEY,15283,4-87-407,"Bocallave Punta Torx enc. 3/8"" T55",0
STANLEY,14434,4-86-384,"Bocallave enc. 1/2"" Exagonal Pulgada 1/4""",0
STANLEY,14442,4-86-441,"Bocallave enc. 1/2"" Exagonal Pulgada 5/16""",0
STANLEY,14430,4-86-442,"Bocallave enc. 1/2"" Exagonal Pulgada 3/8""",0
STANLEY,14431,4-86-443,"Bocallave enc. 1/2"" Exagonal Pulgada 7/16""",0
STANLEY,14432,4-86-444,"Bocallave enc. 1/2"" Exagonal Pulgada 1/2""",0
STANLEY,14433,4-86-445,"Bocallave enc. 1/2"" Exagonal Pulgada 9/16""",0
STANLEY,14448,4-86-446,"Bocallave enc. 1/2"" Exagonal Pulgada 19/32""",0
STANLEY,14435,4-88-766,"Bocallave enc. 1/2"" Exagonal Pulgada 5/8""",0
STANLEY,14436,4-88-767,"Bocallave enc. 1/2"" Exagonal Pulgada 11/16""",0
STANLEY,14437,4-88-768,"Bocallave enc. 1/2"" Exagonal Pulgada 3/4""",0
STANLEY,14439,4-88-769,"Bocallave enc. 1/2"" Exagonal Pulgada 13/16""",0
STANLEY,14440,4-88-770,"Bocallave enc. 1/2"" Exagonal Pulgada 7/8""",0
STANLEY,14441,4-88-771,"Bocallave enc. 1/2"" Exagonal Pulgada 15/16""",0
STANLEY,14443,4-88-773,"Bocallave enc. 1/2"" Exagonal Pulgada 1""",0
STANLEY,14444,4-88-774,"Bocallave enc. 1/2"" Exagonal Pulgada 1.1/16""",0
STANLEY,14445,4-88-775,"Bocallave enc. 1/2"" Exagonal Pulgada 1.1/8""",0
STANLEY,14449,4-86-458,"Bocallave enc. 1/2"" Exagonal Pulgada 1.3/16""",0
STANLEY,14447,4-88-776,"Bocallave enc. 1/2"" Exagonal Pulgada 1.1/4""",0
STANLEY,14358,4-86-494,"Bocallave enc. 1/2"" Estriado Pulgada 1/4""",0
STANLEY,14359,4-86-460,"Bocallave enc. 1/2"" Estriado Pulgada 5/16""",0
STANLEY,14360,4-86-461,"Bocallave enc. 1/2"" Estriado Pulgada 3/8""",0
STANLEY,14361,4-86-462,"Bocallave enc. 1/2"" Estriado Pulgada 7/16""",0
STANLEY,14362,4-86-463,"Bocallave enc. 1/2"" Estriado Pulgada 1/2""",0
STANLEY,14363,4-86-464,"Bocallave enc. 1/2"" Estriado Pulgada 9/16""",0
STANLEY,14375,86-497,"Bocallave enc. 1/2"" Estriado Pulgada 19/32""",0
STANLEY,14364,4-88-815,"Bocallave enc. 1/2"" Estriado Pulgada 5/8""",0
STANLEY,14365,4-88-816,"Bocallave enc. 1/2"" Estriado Pulgada 11/16""",0
STANLEY,14366,4-88-817,"Bocallave enc. 1/2"" Estriado Pulgada 3/4""",0
STANLEY,14374,4-86-498,"Bocallave enc. 1/2"" Estriado Pulgada 25/32""",0
STANLEY,14367,4-88-818,"Bocallave enc. 1/2"" Estriado Pulgada 13/16""",0
STANLEY,14368,4-88-819,"Bocallave enc. 1/2"" Estriado Pulgada 7/8""",0
STANLEY,14369,4-88-820,"Bocallave enc. 1/2"" Estriado Pulgada 15/16""",0
STANLEY,14376,4-86-499,"Bocallave enc. 1/2"" Estriado Pulgada 31/32""",0
STANLEY,14370,4-88-821,"Bocallave enc. 1/2"" Estriado Pulgada 1""",0
STANLEY,14371,4-88-822,"Bocallave enc. 1/2"" Estriado Pulgada 1.1/16""",0
STANLEY,14372,4-88-823,"Bocallave enc. 1/2"" Estriado Pulgada 1.1/8""",0
STANLEY,14377,4-86-496,"Bocallave enc. 1/2"" Estriado Pulgada 1.3/16""",0
STANLEY,14373,4-88-824,"Bocallave enc. 1/2"" Estriado Pulgada 1.1/4""",0
STANLEY,14684,4-86-508,"Bocallave enc. 1/2"" Exagonal Metrico 8 mm",0
STANLEY,14685,4-86-509,"Bocallave enc. 1/2"" Exagonal Metrico 9 mm",0
STANLEY,14402,4-86-510,"Bocallave enc. 1/2"" Exagonal Metrico 10 mm",0
STANLEY,14403,4-86-511,"Bocallave enc. 1/2"" Exagonal Metrico 11 mm",0
STANLEY,14404,4-86-512,"Bocallave enc. 1/2"" Exagonal Metrico 12 mm",0
STANLEY,14405,4-86-513,"Bocallave enc. 1/2"" Exagonal Metrico 13 mm",0
STANLEY,14406,4-86-514,"Bocallave enc. 1/2"" Exagonal Metrico 14 mm",0
STANLEY,14407,4-86-515,"Bocallave enc. 1/2"" Exagonal Metrico 15 mm",0
STANLEY,14408,4-88-738,"Bocallave enc. 1/2"" Exagonal Metrico 16 mm",0
STANLEY,14409,4-88-739,"Bocallave enc. 1/2"" Exagonal Metrico 17 mm",0
STANLEY,14410,4-88-740,"Bocallave enc. 1/2"" Exagonal Metrico 18 mm",0
STANLEY,14411,4-88-741,"Bocallave enc. 1/2"" Exagonal Metrico 19 mm",0
STANLEY,14412,4-88-742,"Bocallave enc. 1/2"" Exagonal Metrico 20 mm",0
STANLEY,14413,4-88-743,"Bocallave enc. 1/2"" Exagonal Metrico 21 mm",0
STANLEY,14414,4-88-744,"Bocallave enc. 1/2"" Exagonal Metrico 22 mm",0
STANLEY,14415,4-88-745,"Bocallave enc. 1/2"" Exagonal Metrico 23 mm",0
STANLEY,14416,4-88-746,"Bocallave enc. 1/2"" Exagonal Metrico 24 mm",0
STANLEY,14417,4-88-747,"Bocallave enc. 1/2"" Exagonal Metrico 25 mm",0
STANLEY,14418,4-88-748,"Bocallave enc. 1/2"" Exagonal Metrico 26 mm",0
STANLEY,14419,4-88-749,"Bocallave enc. 1/2"" Exagonal Metrico 27 mm",0
STANLEY,14420,4-88-750,"Bocallave enc. 1/2"" Exagonal Metrico 28 mm",0
STANLEY,14421,4-88-751,"Bocallave enc. 1/2"" Exagonal Metrico 29 mm",0
STANLEY,14422,4-88-752,"Bocallave enc. 1/2"" Exagonal Metrico 30 mm",0
STANLEY,14424,4-88-753,"Bocallave enc. 1/2"" Exagonal Metrico 32 mm",0
STANLEY,14686,4-86-196,"Bocallave enc. 1/2"" Exagonal Metrico 34 mm",0
STANLEY,14687,4-86-536,"Bocallave enc. 1/2"" Exagonal Metrico 36 mm",0
STANLEY,15285,4-86-540,"Bocallave enc. 1/2"" Estriado Metrico 8 mm",0
STANLEY,15286,4-86-541,"Bocallave enc. 1/2"" Estriado Metrico 9 mm",0
STANLEY,14380,4-86-542,"Bocallave enc. 1/2"" Estriado Metrico 10 mm",0
STANLEY,14381,4-86-543,"Bocallave enc. 1/2"" Estriado Metrico 11 mm",0
STANLEY,14382,4-86-544,"Bocallave enc. 1/2"" Estriado Metrico 12 mm",0
STANLEY,14383,4-86-545,"Bocallave enc. 1/2"" Estriado Metrico 13 mm",0
STANLEY,14384,4-86-546,"Bocallave enc. 1/2"" Estriado Metrico 14 mm",0
STANLEY,14385,4-86-547,"Bocallave enc. 1/2"" Estriado Metrico 15 mm",0
STANLEY,14386,4-88-788,"Bocallave enc. 1/2"" Estriado Metrico 16 mm",0
STANLEY,14387,4-88-789,"Bocallave enc. 1/2"" Estriado Metrico 17 mm",0
STANLEY,14388,4-88-790,"Bocallave enc. 1/2"" Estriado Metrico 18 mm",0
STANLEY,14389,4-88-791,"Bocallave enc. 1/2"" Estriado Metrico 19 mm",0
STANLEY,14390,4-88-792,"Bocallave enc. 1/2"" Estriado Metrico 20 mm",0
STANLEY,14391,4-88-793,"Bocallave enc. 1/2"" Estriado Metrico 21 mm",0
STANLEY,14392,4-88-794,"Bocallave enc. 1/2"" Estriado Metrico 22 mm",0
STANLEY,14393,4-88-795,"Bocallave enc. 1/2"" Estriado Metrico 23 mm",0
STANLEY,14394,4-88-796,"Bocallave enc. 1/2"" Estriado Metrico 24 mm",0
STANLEY,14396,4-88-797,"Bocallave enc. 1/2"" Estriado Metrico 25 mm",0
STANLEY,14398,4-88-798,"Bocallave enc. 1/2"" Estriado Metrico 26 mm",0
STANLEY,14395,4-88-799,"Bocallave enc. 1/2"" Estriado Metrico 27 mm",0
STANLEY,14399,4-88-800,"Bocallave enc. 1/2"" Estriado Metrico 28 mm",0
STANLEY,15287,4-88-801,"Bocallave enc. 1/2"" Estriado Metrico 29 mm",0
STANLEY,14397,4-88-802,"Bocallave enc. 1/2"" Estriado Metrico 30 mm",0
STANLEY,14400,4-88-803,"Bocallave enc. 1/2"" Estriado Metrico 32 mm",0
STANLEY,15288,4-86-192,"Bocallave enc. 1/2"" Estriado Metrico 34 mm",0
STANLEY,15289,4-88-187,"Bocallave enc. 1/2"" Estriado Metrico 36 mm",0
STANLEY,14704,4-86-481,"Bocallave enc. 1/2"" Estriado Largo Pulgada 1/2""",0
STANLEY,14705,86-482,"Bocallave enc. 1/2"" Estriado Largo Pulgada 9/16""",0
STANLEY,14706,4-86-483,"Bocallave enc. 1/2"" Estriado Largo Pulgada 5/8""",0
STANLEY,14707,4-86-484,"Bocallave enc. 1/2"" Estriado Largo Pulgada 11/16""",0
STANLEY,14708,4-86-485,"Bocallave enc. 1/2"" Estriado Largo Pulgada 3/4""",0
STANLEY,14709,4-86-486,"Bocallave enc. 1/2"" Estriado Largo Pulgada 13/16""",0
STANLEY,14710,4-86-487,"Bocallave enc. 1/2"" Estriado Largo Pulgada 7/8""",0
STANLEY,14711,4-86-488,"Bocallave enc. 1/2"" Estriado Largo Pulgada 15/16""",0
STANLEY,14712,4-86-489,"Bocallave enc. 1/2"" Estriado Largo Pulgada 1""",0
STANLEY,14713,4-86-490,"Bocallave enc. 1/2"" Estriado Largo Pulgada 1.1/16""",0
STANLEY,14714,4-86-491,"Bocallave enc. 1/2"" Estriado Largo Pulgada 1.1/8""",0
STANLEY,14688,4-86-418,"Bocallave enc. 1/2"" Estriado Largo Metrico 10 mm",0
STANLEY,14689,4-86-419,"Bocallave enc. 1/2"" Estriado Largo Metrico 11 mm",0
STANLEY,14690,4-86-420,"Bocallave enc. 1/2"" Estriado Largo Metrico 12 mm",0
STANLEY,14691,4-86-421,"Bocallave enc. 1/2"" Estriado Largo Metrico 13 mm",0
STANLEY,14692,4-86-422,"Bocallave enc. 1/2"" Estriado Largo Metrico 14 mm",0
STANLEY,14693,4-86-423,"Bocallave enc. 1/2"" Estriado Largo Metrico 15 mm",0
STANLEY,14694,4-86-424,"Bocallave enc. 1/2"" Estriado Largo Metrico 16 mm",0
STANLEY,14695,4-86-425,"Bocallave enc. 1/2"" Estriado Largo Metrico 17 mm",0
STANLEY,14696,4-86-426,"Bocallave enc. 1/2"" Estriado Largo Metrico 18 mm",0
STANLEY,14697,4-86-427,"Bocallave enc. 1/2"" Estriado Largo Metrico 19 mm",0
STANLEY,14698,4-86-428,"Bocallave enc. 1/2"" Estriado Largo Metrico 20 mm",0
STANLEY,14699,4-86-429,"Bocallave enc. 1/2"" Estriado Largo Metrico 21 mm",0
STANLEY,14700,4-86-430,"Bocallave enc. 1/2"" Estriado Largo Metrico 22 mm",0
STANLEY,15412,4-86-431,"Bocallave enc. 1/2"" Estriado Largo Metrico 23 mm",0
STANLEY,14702,4-86-432,"Bocallave enc. 1/2"" Estriado Largo Metrico 24 mm",0
STANLEY,15413,4-86-433,"Bocallave enc. 1/2"" Estriado Largo Metrico 25 mm",0
STANLEY,15414,4-86-434,"Bocallave enc. 1/2"" Estriado Largo Metrico 26 mm",0
STANLEY,15415,4-86-435,"Bocallave enc. 1/2"" Estriado Largo Metrico 27 mm",0
STANLEY,15416,4-86-436,"Bocallave enc. 1/2"" Estriado Largo Metrico 28 mm",0
STANLEY,15417,4-86-438,"Bocallave enc. 1/2"" Estriado Largo Metrico 30 mm",0
STANLEY,15418,4-86-439,"Bocallave enc. 1/2"" Estriado Largo Metrico 32 mm",0
STANLEY,14427,4-86-580,"Tubo para Bujia enc. 1/2"" 5/8""",0
STANLEY,14428,4-86-581,"Tubo para Bujia enc. 1/2"" 13/16""",0
STANLEY,13905,4-92-545,"Bocallave Torx Hembra enc. 1/2"" E10",0
STANLEY,13906,4-92-546,"Bocallave Torx Hembra enc. 1/2"" E11",0
STANLEY,13907,4-92-478,"Bocallave Torx Hembra enc. 1/2"" E12",0
STANLEY,13908,4-92-479,"Bocallave Torx Hembra enc. 1/2"" E14",0
STANLEY,13909,4-92-489,"Bocallave Torx Hembra enc. 1/2"" E16",0
STANLEY,13910,4-92-503,"Bocallave Torx Hembra enc. 1/2"" E18",0
STANLEY,13911,4-92-505,"Bocallave Torx Hembra enc. 1/2"" E20",0
STANLEY,15292,4-89-180,"Bocallave Punta Exagonal enc. 1/2” Pulgada 5/16""",0
STANLEY,15293,4-89-181,"Bocallave Punta Exagonal enc. 1/2” Pulgada 3/8""",0
STANLEY,15294,4-89-182,"Bocallave Punta Exagonal enc. 1/2” Pulgada 7/16""",0
STANLEY,15295,4-89-183,"Bocallave Punta Exagonal enc. 1/2” Pulgada 1/2""",0
STANLEY,15296,4-89-184,"Bocallave Punta Exagonal enc. 1/2” Pulgada 9/16""",0
STANLEY,15297,4-89-185,"Bocallave Punta Exagonal enc. 1/2” Pulgada 5/8""",0
STANLEY,15300,4-89-188,Bocallave Punta Exagonal enc. 1/2” Metrico 6 mm,0
STANLEY,15301,4-89-189,Bocallave Punta Exagonal enc. 1/2” Metrico 8 mm,0
STANLEY,15302,4-89-190,Bocallave Punta Exagonal enc. 1/2” Metrico 10 mm,0
STANLEY,15303,4-89-191,Bocallave Punta Exagonal enc. 1/2” Metrico 12 mm,0
STANLEY,15304,4-89-192,Bocallave Punta Exagonal enc. 1/2” Metrico 14 mm,0
STANLEY,15305,4-89-193,Bocallave Punta Exagonal enc. 1/2” Metrico 17 mm,0
STANLEY,15306,4-89-194,Bocallave Punta Exagonal enc. 1/2” Metrico 19 mm,0
STANLEY,15308,4-89-200 Bocallave Punta Exagonal enc. 1/2” Metrico Largo,5 mm,0
STANLEY,15309,4-89-201 Bocallave Punta Exagonal enc. 1/2” Metrico Largo,6 mm,0
STANLEY,15310,4-89-202 Bocallave Punta Exagonal enc. 1/2” Metrico Largo,7 mm,0
STANLEY,15311,4-89-203 Bocallave Punta Exagonal enc. 1/2” Metrico Largo,8 mm,0
STANLEY,15312,4-89-204 Bocallave Punta Exagonal enc. 1/2” Metrico Largo,10 mm,0
STANLEY,15313,4-89-205 Bocallave Punta Exagonal enc. 1/2” Metrico Largo,12 mm,0
STANLEY,15321,4-89-215,Bocallave Punta Torx enc. 1/2” T20,0
STANLEY,15322,4-89-216,Bocallave Punta Torx enc. 1/2” T25,0
STANLEY,15323,4-89-217,Bocallave Punta Torx enc. 1/2” T27,0
STANLEY,15324,4-89-218,Bocallave Punta Torx enc. 1/2” T30,0
STANLEY,15325,4-89-219,Bocallave Punta Torx enc. 1/2” T40,0
STANLEY,15326,4-89-230,Bocallave Punta Torx enc. 1/2” T45,0
STANLEY,15327,4-89-231,Bocallave Punta Torx enc. 1/2” T50,0
STANLEY,15328,4-89-232,Bocallave Punta Torx enc. 1/2” T55,0
STANLEY,15329,4-89-233,Bocallave Punta Torx enc. 1/2” T60,0
STANLEY,13890,4-93-360,"Bocallave Punta Torx de Seguridad enc. 1/2"" T10",0
STANLEY,13891,4-93-361,"Bocallave Punta Torx de Seguridad enc. 1/2"" T15",0
STANLEY,13892,4-93-362,"Bocallave Punta Torx de Seguridad enc. 1/2"" T20",0
STANLEY,13893,4-93-363,"Bocallave Punta Torx de Seguridad enc. 1/2"" T25",0
STANLEY,13894,4-93-364,"Bocallave Punta Torx de Seguridad enc. 1/2"" T27",0
STANLEY,13895,4-93-365,"Bocallave Punta Torx de Seguridad enc. 1/2"" T30",0
STANLEY,13896,4-93-366,"Bocallave Punta Torx de Seguridad enc. 1/2"" T40",0
STANLEY,13897,4-93-367,"Bocallave Punta Torx de Seguridad enc. 1/2"" T45",0
STANLEY,13898,4-93-368,"Bocallave Punta Torx de Seguridad enc. 1/2"" T50",0
STANLEY,13899,4-93-369,"Bocallave Punta Torx de Seguridad enc. 1/2"" T55",0
STANLEY,13900,4-93-370,"Bocallave Punta Torx de Seguridad enc. 1/2"" T60",0
STANLEY,13922,4-92-529,"Bocallave Punta Multi-Estria enc. 1/2"" M5-75 mm",0
STANLEY,13923,4-92-530,"Bocallave Punta Multi-Estria enc. 1/2"" M6-75 mm",0
STANLEY,13924,4-92-531,"Bocallave Punta Multi-Estria enc. 1/2"" M8-75 mm",0
STANLEY,13925,4-92-533,"Bocallave Punta Multi-Estria enc. 1/2"" M10-75 mm",0
STANLEY,13926,4-92-534,"Bocallave Punta Multi-Estria enc. 1/2"" M12-75 mm",0
STANLEY,13931,4-92-539,"Bocallave Punta Multi-Estria enc. 1/2"" M8-100 mm",0
STANLEY,13932,4-92-541,"Bocallave Punta Multi-Estria enc. 1/2"" M10-100 mm",0
STANLEY,13933,4-92-542,"Bocallave Punta Multi-Estria enc. 1/2"" M12-100 mm",0
STANLEY,13680,4-89-681,"Bocallave de Impacto enc. 1/2"" Exagonal Pulgada 7/16""",0
STANLEY,13681,89-682,"Bocallave de Impacto enc. 1/2"" Exagonal Pulgada 1/2""",0
STANLEY,13682,4-89-683,"Bocallave de Impacto enc. 1/2"" Exagonal Pulgada 9/16""",0
STANLEY,13683,89-684,"Bocallave de Impacto enc. 1/2"" Exagonal Pulgada 5/8""",0
STANLEY,13684,4-89-685,"Bocallave de Impacto enc. 1/2"" Exagonal Pulgada 11/16""",0
STANLEY,13685,4-89-686,"Bocallave de Impacto enc. 1/2"" Exagonal Pulgada 3/4""",0
STANLEY,13686,4-89-687,"Bocallave de Impacto enc. 1/2"" Exagonal Pulgada 13/16""",0
STANLEY,13687,4-89-688,"Bocallave de Impacto enc. 1/2"" Exagonal Pulgada 7/8""",0
STANLEY,13688,4-89-689,"Bocallave de Impacto enc. 1/2"" Exagonal Pulgada 15/16""",0
STANLEY,13665,"4-93-374 Bocallave de Impacto enc. 1/2"" Exagonal Metrico",13 mm,0
STANLEY,13666,"4-93-375 Bocallave de Impacto enc. 1/2"" Exagonal Metrico",14 mm,0
STANLEY,13667,"4-93-376 Bocallave de Impacto enc. 1/2"" Exagonal Metrico",15 mm,0
STANLEY,13668,"4-93-377 Bocallave de Impacto enc. 1/2"" Exagonal Metrico",16 mm,0
STANLEY,13669,"4-93-378 Bocallave de Impacto enc. 1/2"" Exagonal Metrico",17 mm,0
STANLEY,13670,"4-93-379 Bocallave de Impacto enc. 1/2"" Exagonal Metrico",18 mm,0
STANLEY,13671,"4-93-380 Bocallave de Impacto enc. 1/2"" Exagonal Metrico",19 mm,0
STANLEY,13672,"4-93-382 Bocallave de Impacto enc. 1/2"" Exagonal Metrico",21 mm,0
STANLEY,13673,"4-93-383 Bocallave de Impacto enc. 1/2"" Exagonal Metrico",22 mm,0
STANLEY,15341,"4-93-384 Bocallave de Impacto enc. 1/2"" Exagonal Metrico",23 mm,0
STANLEY,13674,"4-93-385 Bocallave de Impacto enc. 1/2"" Exagonal Metrico",24 mm,0
STANLEY,15350,89-319,"Bocallave enc. 3/4"" Exagonal Metrico 19 mm",0
STANLEY,15351,89-322,"Bocallave enc. 3/4"" Exagonal Metrico 22 mm",0
STANLEY,15352,89-324,"Bocallave enc. 3/4"" Exagonal Metrico 24 mm",0
STANLEY,15353,89-325,"Bocallave enc. 3/4"" Exagonal Metrico 25 mm",0
STANLEY,15354,89-327,"Bocallave enc. 3/4"" Exagonal Metrico 27 mm",0
STANLEY,15355,89-328,"Bocallave enc. 3/4"" Exagonal Metrico 28 mm",0
STANLEY,15356,89-330,"Bocallave enc. 3/4"" Exagonal Metrico 30 mm",0
STANLEY,15357,89-332,"Bocallave enc. 3/4"" Exagonal Metrico 32 mm",0
STANLEY,15358,89-333,"Bocallave enc. 3/4"" Exagonal Metrico 33 mm",0
STANLEY,15359,89-334,"Bocallave enc. 3/4"" Exagonal Metrico 34 mm",0
STANLEY,15360,89-336,"Bocallave enc. 3/4"" Exagonal Metrico 36 mm",0
STANLEY,15361,89-338,"Bocallave enc. 3/4"" Exagonal Metrico 38 mm",0
STANLEY,15362,89-341,"Bocallave enc. 3/4"" Exagonal Metrico 41 mm",0
STANLEY,15363,89-346,"Bocallave enc. 3/4"" Exagonal Metrico 46 mm",0
STANLEY,15364,89-350,"Bocallave enc. 3/4"" Exagonal Metrico 50 mm",0
STANLEY,13716,89-661,"Bocallave enc. 3/4"" Estriado Pulgada 3/4""",0
STANLEY,13717,89-662,"Bocallave enc. 3/4"" Estriado Pulgada 13/16""",0
STANLEY,13718,89-663,"Bocallave enc. 3/4"" Estriado Pulgada 7/8""",0
STANLEY,13719,89-664,"Bocallave enc. 3/4"" Estriado Pulgada 15/16""",0
STANLEY,13720,89-665,"Bocallave enc. 3/4"" Estriado Pulgada 1""",0
STANLEY,13721,89-666,"Bocallave enc. 3/4"" Estriado Pulgada 1.1/16""",0
STANLEY,13722,89-667,"Bocallave enc. 3/4"" Estriado Pulgada 1.1/8""",0
STANLEY,13723,89-668,"Bocallave enc. 3/4"" Estriado Pulgada 1.3/16""",0
STANLEY,13724,89-669,"Bocallave enc. 3/4"" Estriado Pulgada 1.1/4""",0
STANLEY,13725,89-670,"Bocallave enc. 3/4"" Estriado Pulgada 1.5/16""",0
STANLEY,13726,89-671,"Bocallave enc. 3/4"" Estriado Pulgada 1.3/8""",0
STANLEY,13727,89-672,"Bocallave enc. 3/4"" Estriado Pulgada 1.7/16""",0
STANLEY,13728,89-673,"Bocallave enc. 3/4"" Estriado Pulgada 1.1/2""",0
STANLEY,13729,89-674,"Bocallave enc. 3/4"" Estriado Pulgada 1.5/8""",0
STANLEY,13730,89-675,"Bocallave enc. 3/4"" Estriado Pulgada 1.11/16""",0
STANLEY,13731,89-676,"Bocallave enc. 3/4"" Estriado Pulgada 1.3/4""",0
STANLEY,13732,89-677,"Bocallave enc. 3/4"" Estriado Pulgada 1.13/16""",0
STANLEY,13733,89-678,"Bocallave enc. 3/4"" Estriado Pulgada 1.7/8""",0
STANLEY,13734,89-679,"Bocallave enc. 3/4"" Estriado Pulgada 2""",0
STANLEY,13735,88-958,"Bocallave enc. 3/4"" Estriado Pulgada 2.1/8""",0
STANLEY,13736,88-959,"Bocallave enc. 3/4"" Estriado Pulgada 2.3/16""",0
STANLEY,13737,88-960,"Bocallave enc. 3/4"" Estriado Pulgada 2.1/4""",0
STANLEY,14339,4-87-930,"Crique Pulida con Desconector Rapido 1/2""",0
STANLEY,14210,4-86-119,"Crique 1/4""",0
STANLEY,14332,4-86-397,"Crique con Desconector Rapido 1/2""",0
STANLEY,14260,4-86-203,"Crique 3/8""",0
STANLEY,14334,4-86-404,"Crique 1/2""",0
STANLEY,13740,91-316,"Crique 3/4""",0
STANLEY,14333,4-86-715,"Crique con Desconector Rapido 1/2""",0
STANLEY,14215,4-86-004,"Destornillador Adaptador 1/4""",0
STANLEY,14217,4-86-012,"Mango Articulado 1/4""",0
STANLEY,14276,4-86-213,"Mango Articulado 3/8""",0
STANLEY,14345,4-86-405,"Mango Articulado - 270 mm 1/2""",0
STANLEY,14347,4-86-415,"Mango Articulado - 381 mm 1/2""",0
STANLEY,14346,4-86-413,"Mango Articulado - 425 mm 1/2""",0
STANLEY,13742,89-302LA,"Mango Articulado 3/4""",0
STANLEY,14216,4-86-010,"Mango Deslizante T 1/4""",0
STANLEY,14282,4-86-202,"Mango Deslizante T 3/8""",0
STANLEY,14350,4-86-440,"Mango Deslizante T 1/2""",0
STANLEY,13744,89-303,"Mango Deslizante T 3/4""",0
STANLEY,14220,4-86-001,"Extension Flexible 1/4""",0
STANLEY,15245,4-86-005,"Extension - 51 mm 1/4""",0
STANLEY,14218,4-86-006,"Extension - 75 mm 1/4""",0
STANLEY,15246,4-88-208,"Extension - 102 mm 1/4""",0
STANLEY,14219,4-86-007,"Extension - 150 mm 1/4""",0
STANLEY,15247,4-86-372,"Extension - 254 mm 1/4""",0
STANLEY,14266,4-86-206,"Extension - 75 mm 3/8""",0
STANLEY,14267,4-86-207,"Extension - 150 mm 3/8""",0
STANLEY,14268,86-208,"Extension - 254 mm 3/8""",0
STANLEY,14336,4-86-406,"Extension - 62 mm 1/2""",0
STANLEY,14337,4-86-407,"Extension - 125 mm 1/2""",0
STANLEY,14338,4-86-408,"Extension - 252 mm 1/2""",0
STANLEY,14351,4-88-729,"Extension - 506 mm 1/2""",0
STANLEY,13746,89-306,"Extension - 102 mm 3/4""",0
STANLEY,13747,89-307,"Extension - 203 mm 3/4""",0
STANLEY,13748,89-308,"Extension - 406 mm 3/4""",0
STANLEY,14214,4-86-011,"Movimiento Universal 1/4""",0
STANLEY,14272,4-86-211,"Movimiento Universal 3/8""",0
STANLEY,14342,4-86-411,"Movimiento Universal 1/2""",0
STANLEY,15250,4-86-002,Adaptador 1/4H x 3/8M,0
STANLEY,14278,4-86-214,Adaptador 3/8H x 1/4M,0
STANLEY,14279,4-86-215,Adaptador 3/8H x 1/2M,0
STANLEY,14348,4-86-414,Adaptador 1/2H x 3/8M,0
STANLEY,14352,4-88-558,Adaptador 1/2H x 3/4M,0
STANLEY,13743,88-908,Adaptador 3/4H x 1/2M,0
STANLEY,14274,4-86-212,"Mango Berbiqui 3/8""",0
STANLEY,14344,86-412,"Mango Berbiqui 1/2""",0
STANLEY,14343,4-86-493,"Mango Acodado L 1/2""",0
STANLEY,13365,STMT71651,"Juego de Herramientas Mecánicas 85 pzs. 1/4"" - 3/8""",0
STANLEY,13366,94-374,"Juego de Herramientas Mecánicas 115 pzs. 1/4"" - 3/8""",0
STANLEY,13381,91-931,"Juego de Herramientas Mecánicas 120 pzs. 1/4""-3/8""-1/2""",0
STANLEY,13367,94-376,"Juego de Herramientas Mecánicas 145 pzs. 1/4"" - 3/8""",0
STANLEY,14670,86-117,"Juego de Bocallaves enc. 1/4"" Metrico 18 pzs.",0
STANLEY,14671,86-118,"Juego de Bocallaves enc. 1/4"" Pulgada 17 pzs.",0
STANLEY,13330,92-802,Juegos de Bocallaves enc. 1/4 20 pzs.,0
STANLEY,14324,87-342,"Juego de Puntas Torx enc. 3/8"" 7 pzs.",0
STANLEY,14592,86-210,"Juego de Bocallaves enc. 3/8"" Pulgada 20 pzs.",0
STANLEY,14591,86-209,"Juego de Bocallaves enc. 3/8"" Metrico 23 pzs.",0
STANLEY,13350,92-824,"Juego de Bocallaves Cromo Negro 69 pzs. 1/4"" - 3/8""",0
STANLEY,13351,92-839,"Juego de Bocallaves Cromo Negro 99 pzs. 1/4"" - 3/8""",0
STANLEY,15388,89-098,"Juego de Bocallaves Punta Torx enc. 1/2"" 9 pzs.",0
STANLEY,14593,86-734,"Juego de Bocallaves enc. 1/2"" Metrico 11 pzs.",0
STANLEY,14594,86-735,"Juego de Bocallaves enc. 1/2"" Pulgada 11 pzs.",0
STANLEY,14600,86-501,"Juego de Bocallaves enc. 1/2"" Metrico 14 pzs.",0
STANLEY,14602,86-503,"Juego de Bocallaves enc. 1/2"" Pulgada 14 pzs.",0
STANLEY,14603,86-533,"Juego de Bocallaves enc. 1/2"" Pulgada 22 pzs.",0
STANLEY,14601,86-531,"Juego de Bocallaves enc. 1/2"" Metrico 23 pzs.",0
STANLEY,14606,86-505,"Juego de Bocallaves enc.1/2"" Pulgada 27 pzs.",0
STANLEY,14604,86-504,"Juego de Bocallaves enc.1/2"" Metrico 29 pzs.",0
STANLEY,13749,89-101,"Juego de Bocallaves enc. 3/4"" Metrico 19 pzs.",0
STANLEY,13739,87-557,"Juego de Bocallaves enc. 3/4"" Pulgada 21 pzs.",0
STANLEY,13846,91-966LA,"Llave Combinada con Crique Larga Pulgada 3/8""",0
STANLEY,13847,91-967LA,"Llave Combinada con Crique Larga Pulgada 7/16""",0
STANLEY,13848,91-968LA,"Llave Combinada con Crique Larga Pulgada 1/2""",0
STANLEY,13849,91-969LA,"Llave Combinada con Crique Larga Pulgada 9/16""",0
STANLEY,13850,91-970LA,"Llave Combinada con Crique Larga Pulgada 5/8""",0
STANLEY,13851,91-971LA,"Llave Combinada con Crique Larga Pulgada 11/16""",0
STANLEY,13852,91-972LA,"Llave Combinada con Crique Larga Pulgada 3/4""",0
STANLEY,13830,91-973,Llave Combinada con Crique Larga Metrica 8 mm,0
STANLEY,13831,91-981LA,Llave Combinada con Crique Larga Metrica 9 mm,0
STANLEY,13832,91-974,Llave Combinada con Crique Larga Metrica 10 mm,0
STANLEY,13833,91-975,Llave Combinada con Crique Larga Metrica 11 mm,0
STANLEY,13834,91-976,Llave Combinada con Crique Larga Metrica 12 mm,0
STANLEY,13835,91-977,Llave Combinada con Crique Larga Metrica 13 mm,0
STANLEY,13836,91-978,Llave Combinada con Crique Larga Metrica 14 mm,0
STANLEY,13837,91-979,Llave Combinada con Crique Larga Metrica 15 mm,0
STANLEY,13838,91-983,Llave Combinada con Crique Larga Metrica 16 mm,0
STANLEY,13839,91-984,Llave Combinada con Crique Larga Metrica 17 mm,0
STANLEY,13840,4-91-982,Llave Combinada con Crique Larga Metrica 18 mm,0
STANLEY,13841,91-986,Llave Combinada con Crique Larga Metrica 19 mm,0
STANLEY,14485,86-800,"Llave de Boca Fija Pulgada 1/4"" x 5/16""",0
STANLEY,14486,86-705,"Llave de Boca Fija Pulgada 5/16"" x 3/8""",0
STANLEY,14487,86-801,"Llave de Boca Fija Pulgada 3/8"" x 7/16""",0
STANLEY,14488,86-706,"Llave de Boca Fija Pulgada 7/16"" x 1/2""",0
STANLEY,14489,86-803,"Llave de Boca Fija Pulgada 1/2"" x 9/16""",0
STANLEY,14490,86-707,"Llave de Boca Fija Pulgada 5/8"" x 11/16""",0
STANLEY,14491,4-86-708,"Llave de Boca Fija Pulgada 5/8"" x 3/4""",0
STANLEY,14493,86-813,"Llave de Boca Fija Pulgada 3/4"" x 7/8""",0
STANLEY,14495,86-811,"Llave de Boca Fija Pulgada 15/16"" x 1""",0
STANLEY,14460,86-817,Llave de Boca Fija Metrica 6 x 7,0
STANLEY,14461,86-818,Llave de Boca Fija Metrica 8 x 9,0
STANLEY,14463,86-820,Llave de Boca Fija Metrica 8 x 10,0
STANLEY,14464,86-821,Llave de Boca Fija Metrica 10 x 11,0
STANLEY,14466,86-823,Llave de Boca Fija Metrica 12 x 13,0
STANLEY,14467,86-824,Llave de Boca Fija Metrica 14 x 15,0
STANLEY,14469,86-827,Llave de Boca Fija Metrica 16 x 17,0
STANLEY,14470,86-828,Llave de Boca Fija Metrica 18 x 19,0
STANLEY,14472,86-636,Llave de Boca Fija Metrica 20 x 22,0
STANLEY,14474,86-641,Llave de Boca Fija Metrica 24 x 26,0
STANLEY,14478,86-077LA,Llave de Boca Fija Metrica 27 x 32,0
STANLEY,14526,86-876,"Llave Estriada Pulgada 3/8"" x 7/16""",0
STANLEY,14528,86-878,"Llave Estriada Pulgada 1/2"" x 9/16""",0
STANLEY,14530,4-86-880,"Llave Estriada Pulgada 5/8"" x 11/16""",0
STANLEY,14532,86-881,"Llave Estriada Pulgada 5/8"" x 3/4""",0
STANLEY,14534,86-882,"Llave Estriada Pulgada 3/4"" x 7/8""",0
STANLEY,14538,86-886,"Llave Estriada Pulgada 15/16"" x 1""",0
STANLEY,14502,86-127,Llave Estriada Metrica 8 x 9,0
STANLEY,14504,86-131,Llave Estriada Metrica 10 x 11,0
STANLEY,14506,86-133,Llave Estriada Metrica 12 x 13,0
STANLEY,14508,86-136,Llave Estriada Metrica 14 x 15,0
STANLEY,14510,86-138,Llave Estriada Metrica 16 x 17,0
STANLEY,14512,86-141,Llave Estriada Metrica 18 x 19,0
STANLEY,14514,86-145,Llave Estriada Metrica 20 x 22,0
STANLEY,14518,86-150,Llave Estriada Metrica 24 x 27,0
STANLEY,13880,91-918,Llave Doble Torx E6 x E8,0
STANLEY,13881,91-920,Llave Doble Torx E10 x E12,0
STANLEY,13882,91-921,Llave Doble Torx E14 x E18,0
STANLEY,13883,91-922,Llave Doble Torx E20 x E24,0
STANLEY,14450,87-850,"Llaves para Niples de Cañeria 3/8"" x 7/16""",0
STANLEY,14451,87-851,"Llaves para Niples de Cañeria 1/2"" x 9/16""",0
STANLEY,14452,87-852,"Llaves para Niples de Cañeria 5/8"" x 11/16""",0
STANLEY,14456,87-853,"Llaves para Niples de Cañeria 3/4"" x 7/8""",0
STANLEY,14454,87-392,Llaves para Niples de Cañeria 8 x 10,0
STANLEY,14455,87-393,Llaves para Niples de Cañeria 12 x 14,0
STANLEY,14453,87-858,Llaves para Niples de Cañeria 15 x 17,0
STANLEY,14457,87-886,Llaves para Niples de Cañeria 19 x 22,0
STANLEY,15035,87-796LA,Llave Ajustable Cromada 18 Pulgadas,0
STANLEY,15036,97-797LA,Llave Ajustable Cromada 24 Pulgadas,0
STANLEY,15010,87-431LA,Llave Ajustable Cromada 6 Pulgadas,0
STANLEY,15011,87-432LA,Llave Ajustable Cromada 8 Pulgadas,0
STANLEY,15012,87-433LA,Llave Ajustable Cromada 10 Pulgadas,0
STANLEY,15013,87-434LA,Llave Ajustable Cromada 12 Pulgadas,0
STANLEY,15014,87-435LA,Llave Ajustable Cromada 15 Pulgadas,0
STANLEY,15031,89-045LA,Llave Ajustable Fosfatada 6 Pulgadas,0
STANLEY,15032,87-046LA,Llave Ajustable Fosfatada 8 Pulgadas,0
STANLEY,15033,87-047LA,Llave Ajustable Fosfatada 10 Pulgadas,0
STANLEY,15034,87-048LA,Llave Ajustable Fosfatada 12 Pulgadas,0
STANLEY,15038,70-180,Llave Ajustable Fosfatada 15 Pulgadas,0
STANLEY,14611,86-083,Juego de Llaves Combinadas Pulgadas 6 pzs.,0
STANLEY,13823,88-855,Juego de Llaves Combinadas Metricas 8 pzs.,0
STANLEY,14610,86-974,Juego de Llaves Combinadas Metricas 9 pzs.,0
STANLEY,14612,86-084,Juego de Llaves Combinadas Pulgadas 11 pzs.,0
STANLEY,13824,86-082,Juego de Llaves Combinadas Metricas 14 pzs.,0
STANLEY,15392,86-081,Juego de Llaves Combinadas Metricas 14 pzs.,0
STANLEY,13140,86-0406,Llave Combinada Acodada Metrica 6 mm,0
STANLEY,13141,86-0407,Llave Combinada Acodada Metrica 7 mm,0
STANLEY,13142,86-0408,Llave Combinada Acodada Metrica 8 mm,0
STANLEY,13143,86-0409,Llave Combinada Acodada Metrica 9 mm,0
STANLEY,13144,86-0410,Llave Combinada Acodada Metrica 10 mm,0
STANLEY,13145,86-0411,Llave Combinada Acodada Metrica 11 mm,0
STANLEY,13146,86-0412,Llave Combinada Acodada Metrica 12 mm,0
STANLEY,13147,86-0413,Llave Combinada Acodada Metrica 13 mm,0
STANLEY,13148,86-0414,Llave Combinada Acodada Metrica 14 mm,0
STANLEY,13149,86-0415,Llave Combinada Acodada Metrica 15 mm,0
STANLEY,13150,86-0416,Llave Combinada Acodada Metrica 16 mm,0
STANLEY,13151,86-0417,Llave Combinada Acodada Metrica 17 mm,0
STANLEY,13152,86-0418,Llave Combinada Acodada Metrica 18 mm,0
STANLEY,13153,86-0419,Llave Combinada Acodada Metrica 19 mm,0
STANLEY,13154,86-0420,Llave Combinada Acodada Metrica 20 mm,0
STANLEY,13155,86-0421,Llave Combinada Acodada Metrica 21 mm,0
STANLEY,13156,86-0422,Llave Combinada Acodada Metrica 22 mm,0
STANLEY,13157,86-0423,Llave Combinada Acodada Metrica 23 mm,0
STANLEY,13158,86-0424,Llave Combinada Acodada Metrica 24 mm,0
STANLEY,13159,86-0425,Llave Combinada Acodada Metrica 25 mm,0
STANLEY,13160,86-0426,Llave Combinada Acodada Metrica 26 mm,0
STANLEY,13161,86-0427,Llave Combinada Acodada Metrica 27 mm,0
STANLEY,13162,86-0428,Llave Combinada Acodada Metrica 28 mm,0
STANLEY,13163,86-0429,Llave Combinada Acodada Metrica 29 mm,0
STANLEY,13164,86-0430,Llave Combinada Acodada Metrica 30 mm,0
STANLEY,13165,86-0432,Llave Combinada Acodada Metrica 32 mm,0
STANLEY,13120,86-0140,"Llave Combinada Acodada Pulgada 1/4""",0
STANLEY,13121,86-0516,"Llave Combinada Acodada Pulgada 5/16""",0
STANLEY,13122,86-0380,"Llave Combinada Acodada Pulgada 3/8""",0
STANLEY,13123,86-0716,"Llave Combinada Acodada Pulgada 7/16""",0
STANLEY,13124,86-0120,"Llave Combinada Acodada Pulgada 1/2""",0
STANLEY,13125,86-0916,"Llave Combinada Acodada Pulgada 9/16""",0
STANLEY,13126,86-0580,"Llave Combinada Acodada Pulgada 5/8""",0
STANLEY,13127,86-1116,"Llave Combinada Acodada Pulgada 11/16""",0
STANLEY,13128,86-0340,"Llave Combinada Acodada Pulgada 3/4""",0
STANLEY,13129,86-1316,"Llave Combinada Acodada Pulgada 13/16""",0
STANLEY,13130,86-0780,"Llave Combinada Acodada Pulgada 7/8""",0
STANLEY,13131,86-1516,"Llave Combinada Acodada Pulgada 15/16""",0
STANLEY,13132,86-0010,"Llave Combinada Acodada Pulgada 1""",0
STANLEY,13133,86-0116,"Llave Combinada Acodada Pulgada 1.1/16""",0
STANLEY,13134,86-1108,"Llave Combinada Acodada Pulgada 1.1/8""",0
STANLEY,13135,86-1104,"Llave Combinada Acodada Pulgada 1.1/4""",0
STANLEY,13825Juego  Combinadas  97-567,,97-567,0
STANLEY,13827Juego  Combinadas  97-569,,97-569,0
STANLEY,13828Juego  Combinadas  97-570,,97-570,0
STANLEY,13582,30-787,CINT.METR.GLOB 3mSTANLEY 3 Metros,0
STANLEY,13581,30-797,CINT.METR.GLOB.5mSTANLEY 5 Metros,0
STANLEY,13580,30-757,CINT.METR.GLOB.8mSTANLEY 8 Metros,0
STANLEY,15023,87-621,"Llave para Caños 8"" 8""",0
STANLEY,15024,87-622,"Llave para Caños 10"" 10""",0
STANLEY,15025,87-623,"Llave para Caños 12"" 12""",0
STANLEY,15026,87-624,"Llave para Caños 14"" 14""",0
STANLEY,15027,87-625,"Llave para Caños 18"" 18""",0
STANLEY,15028,87-626,"Llave para Caños 24"" 24""",0
STANLEY,15029,87-627,"Llave para Caños 36"" 36""",0
STANLEY,14002,86-583LA,"Torquímetro de Aguja 1/2""",0
STANLEY,14008,13-105,"Torquímetro Profesional de 20 a 80 lbs-pie 3/8""",0
STANLEY,14009,13-571,"Torquímetro Profesional de 30 a 150 lbs-pie 1/2""",0
STANLEY,14011,13-572,"Torquímetro Profesional de 50 a 250 lbs-pie 1/2""",0
STANLEY,14010,13-100,"Torquímetro Profesional de 100 a 550 lbs-pie 3/4""",0
STANLEY,14820,83-502,"Prensa C 2""",0
STANLEY,14821,83-503,"Prensa C 3""",0
STANLEY,14822,83-504,"Prensa C 4""",0
STANLEY,14823,83-505,"Prensa C 5""",0
STANLEY,14824,83-506,"Prensa C 6""",0
STANLEY,14825,83-508,"Prensa C 8""",0
STANLEY,12986,83-069M,Tornillos de Banco Multiangulo,0
STANLEY,13034,84-002,Pinza Universal 1000 v 200 mm,0
STANLEY,13036,84-009,Alicate Corte Diagonal 1000 v 160 mm,0
STANLEY,13038,84-003,Alicate Corte Diagonal 1000 v 175 mm,0
STANLEY,13042,84-005,Alicate Corte Diagonal Alto Poder 1000 v 210 mm,0
STANLEY,13044,84-006,Alicate Punta Fina 1000 v 165 mm,0
STANLEY,13046,84-007,Alicate Punta Fina 1000 v 210 mm,0
STANLEY,14633,84-054LA,Alicate Corte Diagonal 152 mm,0
STANLEY,14613,84-622,Alicate Corte Diagonal Alto Poder 200 mm,0
STANLEY,14645,84-154LA,Pinza universal 241 mm,0
STANLEY,14646,70-487,Pinza universal 178 mm,0
STANLEY,14634,70-488,Pinza universal 203 mm,0
STANLEY,14632,84-053LA,Alicate Media Caña Recto 152 mm,0
STANLEY,14672,84-625LA,Alicate Media Caña Recto 200 mm,0
STANLEY,14667,84-270LA,Alicate Corte Frontal 171 mm,0
STANLEY,14677,84-167LA,Alicate Corte Frontal 203 mm,0
STANLEY,14680,84-015,Pico de Loro 254 mm,0
STANLEY,13029,84-648,Pico de Loro 254mm,0
STANLEY,15487,96-230,Pela Cable Auto Ajustable,0
STANLEY,15488,96-225,Pela Cable 3 en 1,0
STANLEY,14614,84-223,Multiuso para Electricista,0
STANLEY,14627,84-213,Alicate Pela Cable,0
STANLEY,15134,84-119LA,Alicate Media Caña para Electronica 101 mm,0
STANLEY,15139,84-122LA,Alicate Punta Chata para Electronica 101 mm,0
STANLEY,15135,84-124LA,Alicate Corte Oblicuo para Electronica 101 mm,0
STANLEY,15136,84-096LA,Alicate Punta Fina para Electronica 127 mm,0
STANLEY,15137,84-125LA,Alicate Corte al Frente para Electronica 101 mm,0
STANLEY,15138,84-126LA,Alicate Punta Curva para Electronica 127 mm,0
STANLEY,14615,84-271LA,Alicate para Seeger Recto Exterior 180 mm,0
STANLEY,14616,84-273LA,Alicate para Seeger Recto Interior 180 mm,0
STANLEY,14617,84-272LA,Alicate para Seeger Curvo Exterior 180 mm,0
STANLEY,14618,84-274,Alicate para Seeger Curvo Interior 180 mm,0
STANLEY,14676,84-168 Pinza para Anillos Seeger con Puntas Intercambiables,152 mm,0
STANLEY,15456,84-281,Tenaza de Armador 203 mm,0
STANLEY,15457,84-282,Tenaza de Armador 254 mm,0
STANLEY,15458,84-284,Tenaza de Armador 305 mm,0
STANLEY,15480,84-378,Pinza de Presion Curva 254 mm,0
STANLEY,15481,84-379,Pinza de Presion Recta 254 mm,0
STANLEY,14682,84-368,Pinza de Presion Curva 175 mm,0
STANLEY,14626,84-369,Pinza de Presion Curva 250 mm,0
STANLEY,14683,84-370,Pinza de Presion Recta 175 mm,0
STANLEY,14630,84-371,Pinza de Presion Recta 250 mm,0
STANLEY,14629,84-396,Pinza de Presión Punta Fina 125 mm,0
STANLEY,15484,84-397,Pinza de Presion para Soldador 228 mm,0
STANLEY,15485,84-398,Pinza de Presion tipo Hojalatero 228 mm,0
STANLEY,15486,84-399,Pinza de Presion tipo C 279 mm,0
STANLEY,15464,90-163LA,Juego de Alicates 2 pzs.,0
STANLEY,15462,90-164LA,Juego de Pinzas 2 pzs.,0
STANLEY,15466,90-162LA,Juego de Alicates 3 pzs.,0
STANLEY,15468,91-526LA,Juego de Alicates 4 pzs.,0
STANLEY,15474,91-529LA,Juego de alicates 10 pzs.,0
STANLEY,13057,94-806,Multi-Herramientas 27 pzs.,0
STANLEY,13056,92-841,Multi-Herramientas 7 pzs.,0
STANLEY,14150,66-119LA,Buscapolo de 100-500V,0
STANLEY,14153,68-736,Juego de Destornillador con Crique 47 pzs.,0
STANLEY,13312,51-941,Martillo Galponero Curvo FatMax AntiVibe 454 grs.,0
STANLEY,13314,51-943,Martillo Galponero Curvo FatMax AntiVibe 567 grs.,0
STANLEY,13313,51-942,Martillo Galponero Recto FatMax AntiVibe 454 grs.,0
STANLEY,14659,60-720,Exhibidor de Destornilladores Basic 72 pzs.,0
STANLEY,15072,84-098,Alicates de Combinación 203 mm,0
STANLEY,15073,84-100,Alicates Media Caña Recto 127 mm,0
STANLEY,15074,84-101,Alicates Media Caña Recto 152 mm,0
STANLEY,15075,84-102,Alicates Media Caña Recto 203 mm,0
STANLEY,15076,84-104,Alicate Corte Diagonal 127 mm,0
STANLEY,15077,84-105,Alicate Corte Diagonal 152 mm,0
STANLEY,15078,84-108,Alicate Corte Diagonal 178 mm,0
STANLEY,14625,84-023,Alicate para Electricista 200 mm,0
STANLEY,15450,84-258,Alicate Corta Cables de Alto Poder 241 mm,0
STANLEY,14668,84-110,Pinza Bomba de Agua 254 mm,0
STANLEY,14669,84-021,Pinza Bomba de Agua 304 mm,0
STANLEY,12064,20-531,Arco de Sierra de Alta Tensión FatMax,0
STANLEY,15489,84-221,Alicates de Hacendado,0
STANLEY,15086,16-013,"CAJAd/HERRAM.16"" 16-013 16-013",0
STANLEY,15088,19-013,"CAJAd/HERRAM.19"" 19-013 19-013",0
STANLEY,15089,24-013,"CAJAd/HERRAM.24""  24-013",0
STANLEY,14790,26-300,CAJ.PLASTmgoALUM.  26-300,0
STANLEY,15097,23-001,"CAJA  FAT MAX 23""  23-001",0
STANLEY,12003,20-300,"CAJAd/HERRAM 20 ""  20-300",0
STANLEY,12951,14-022,ORGANIZADOR STANLEY  14-022,0
STANLEY,19584,83MB6UC,CARR.UTILc/TAPA.PROTO-MB86 UC,0
STANLEY,12008,20-800R,CARRO PORTAHERR   20-800R,0
STANLEY,13340,97-196,JUEGO 97-196,0
STANLEY,13394,97-543,JUEGO 97-543,0
STANLEY,13002,78-056LA,"78-056LA –  1/2” Llave Crique IVA 10,5",0
STANLEY,13000,78-340LA,"78-340LA –  1/4” Amoladora Recta IVA 10,5",0
STANLEY,13003,78-058LA,"78-058LA –  Mini Amoladora Recta IVA 10,5",0
STANLEY,13008,97-006LA,"97-006LA -  ½” Llave de Impacto IVA 10,5",0
STANLEY,13015,78-046LA,"78-046LA – 5” Lijadora Roto Orbital IVA 10,5",0
STANLEY,13019,97-563LA,"97-563LA –  4.5” Amoladora Angular IVA 10,5",0
STANLEY,13021,78-048LA,"78-048LA Lijadora Frontal Neumatica IVA 10,5",0
STANLEY,13023,78-341LA,"78-341LA Lijadora Neumatica IVA 10,5",0
STANLEY,13006,97-134LA,"97-134LA Pistola Neumatica 3/4 IVA 10,5",0
STANLEY,13025,78-407LA,"78-407 Taladro Neumatico 3/8 IVA 10,5",0
STANLEY,12070,72-676,Gabinete SET EN CARRO    STMT 72676,0
STANLEY,12076,STST74305-840,"Gabinete Met. 27"" 4 Bandejas ST74305-840",0
STANLEY,12071,71-098,Juego tubos enc 1/4 26 Piezas  71-098,0
STANLEY,14212,stmt73982-840,"Llave Crique tipo Pera 1/4""",0
STANLEY,14273,stmt73983-840,"Llave Crique tipo Pera 3/8""",0
STANLEY,14331,stmt73984-840,"Llave Crique tipo Pera 1/2""",0
STANLEY,12077,FMST514196LA,Mochila c/ruedas STAN.FMST.51 41 96LA,0
STANLEY,12078,STST515155LA,Mochila p/Herram.STANLEY-ST 515 155LA,0
STANLEY,12079,STST516114LA,"Bolsa d/Herramientas de 16"" ST 516 114LA",0
STANLEY,12086,STST516126LA,"Bolso d/Herramientas de 16"" ST 516 126LA",0
STANLEY,12082,STST512114LA,"Bolso d/Herramientas de 12"" ST 512 114LA",0
STANLEY,12087,STST511324LA,Porta herramientas STANLEY.-51 1324 LA,0
STANLEY,12088,STST509104LA,Porta herramientas STANLEY.-50 9104 LA,0
STANLEY,12216,DWST82928-LA,Bolso Heavy Duty DWST82928-LA,0
STANLEY,12217,DWST82929-LA,Bolso C/Ruedas Heavy Duty DWST82929-LA,0
STANLEY,12218,DWST98016-LA,Mochila Heavy Duty DWST98016LA,0
STANLEY,13568,68-077,"Caja de 100 Puntas PH2 x 1"" STANLEY 68-077",0
STANLEY,12185,68-024,"Caja de 5 Puntas PH2 lg 2"" STANLEY 68-024",0
STANLEY,12188,68-014,"Caja de 5 Puntas PH2 lg 1"" STANLEY 68-014",0
STANLEY,12195,68-076,"Caja de 100 Puntas PH 2""lg 2""STANLEY-68-076",0
STANLEY,15052,STMT75925-840,"Suecas  1""",0
STANLEY,15053,STMT75926-840,"Suecas  1.1/2 """,0
STANLEY,15054,STMT75927-840,"Suecas    2""",0
STANLEY,12053,73-999,Set tubos 36p Stanley,0
STANLEY,14648,84-022LA,Alicates de Electricista 7,0
STANLEY,14655,84-097,PLIERS,0
STANLEY,14701,84-222LA,Alicates de Electricista de Alto Poder,0
STANLEY,14748,STHT10368,Cuchilla de Seguridad  con gatillo,0
STANLEY,14756,10-855,Cuchilla de Bolsillo Plegable,0
STANLEY,14757,10-425,Cuchilla DynaGrip® Snap-Off,0
STANLEY,14778,TR35,Pistola engrapadora plastica de uso ligero,0
STANLEY,14812,TR40,Pistola engrapadora plastica de uso ligero,0
STANLEY,14878,TR45,Engrapadora de Uso Ligero,0
,STHT05867LA,,Bandejas De Mezclado,0
STANLEY,14920,STHT05899LA,LLANAS,0
,STHT05900LA,,LLANAS,0
,,STMT45508-,"Juegos De Dados De 1/2""",0
,,STMT45509-,"Juegos De Dados De 1/2""",0
,,STMT45513-,"Juegos De Dados De 1/2""",0
,,STMT45514-,"Juegos De Dados De 1/2""",0
STANLEY,14933,71-607,Juego de 12 Llaves Combinadas Métricas,0
STANLEY,13306,51-163,Martillo FatMax® AntiVibe®,0
STANLEY,14989,51-165,Martillo FatMax® AntiVibe®,0
PROTO,17571,J000A,SET FEELER GAUGE 9 BLADE,0
PROTO,17572,J000AA,SET FEELER GAUGE 25 BLADE,0
PROTO,17578,J000SL,SET FEELER GA 12 BLADE LO,0
PROTO,17579,J000TL,SET FEELER GA 25 BLADE LO,0
PROTO,17586,J00MM15,SET FEELER GA METRIC 15 B,0
PROTO,17587,J00MM25,SET FEELER GA METRIC 25 B,0
PROTO,15834,J07510,SKT IMP 3/4 DR 5/8 6 PT,0
PROTO,15835,J07511,SKT IMP 3/4 DR 11/16 6 PT,0
PROTO,15836,J07512,SKT IMP 3/4 DR 3/4 6 PT,0
PROTO,15837,J07513,SKT IMP 3/4 DR 13/16 6 PT,0
PROTO,15838,J07514,SKT IMP 3/4 DR 7/8 6 PT,0
PROTO,15839,J07515,SKT IMP 3/4 DR 15/16 6 PT,0
PROTO,15840,J07516,SKT IMP 3/4 DR 1 6 PT,0
PROTO,15841,J07517,SKT IMP 3/4 DR 1-1/16 6 P,0
PROTO,15842,J07518,SKT IMP 3/4 DR 1-1/8 6 PT,0
PROTO,15843,J07519,SKT IMP 3/4 DR 1-3/16 6 PT,0
PROTO,15801,J07519M,SKT IMP 3/4 DR 19MM 6 PT,0
PROTO,15844,J07520,SKT IMP 3/4 DR 1-1/4 6 PT,0
PROTO,15885,J07520M,SKT IMP 3/4 DR 20MM 6 PT,0
PROTO,15845,J07521,SKT IMP 3/4 DR 1-5/16 6 PT,0
PROTO,15802,J07521M,SKT IMP 3/4 DR 21MM 6 PT,0
PROTO,15846,J07522,SKT IMP 3/4 DR 1-3/8 6 PT,0
PROTO,15803,J07522M,SKT IMP 3/4 DR 22MM 6 PT,0
PROTO,15847,J07523,SKT IMP 3/4 DR 1-7/16 6 PT,0
PROTO,15804,J07523M,SKT IMP 3/4 DR 23MM 6 PT,0
PROTO,15848,J07524,SKT IMP 3/4 DR 1-1/2 6 PT,0
PROTO,15805,J07524M,SKT IMP 3/4 DR 24MM 6 PT,0
PROTO,15849,J07525,SKT IMP 3/4 DR 1-9/16 6 PT,0
PROTO,15886,J07525M,SKT IMP 3/4 DR 25MM 6 PT,0
PROTO,15850,J07526,SKT IMP 3/4 DR 1-5/8 6 PT,0
PROTO,15806,J07526M,SKT IMP 3/4 DR 26MM 6 PT,0
PROTO,15851,J07527,SKT IMP 3/4 DR 1-11/16 6PT,0
PROTO,15807,J07527M,SKT IMP 3/4 DR 27MM 6 PT,0
PROTO,15852,J07528,SKT IMP 3/4 DR 1-3/4 6 PT,0
PROTO,15808,J07528M,SKT IMP 3/4 DR 28MM 6 PT,0
PROTO,15853,J07529,SKT IMP 3/4 DR 1-13/16 6PT,0
PROTO,15854,J07530,SKT IMP 3/4 DR 1-7/8 6 PT,0
PROTO,15809,J07530M,SKT IMP 3/4 DR 30MM 6 PT,0
PROTO,15855,J07531,SKT IMP 3/4 DR 1-15/16 6PT,0
PROTO,15887,J07531M,SKT IMP 3/4 DR 31MM 6 PT,0
PROTO,15856,J07532,SKT IMP 3/4 DR 2 6 PT,0
PROTO,15810,J07532M,SKT IMP 3/4 DR 32MM 6 PT,0
PROTO,15893,J07533,SKT IMP 3/4 DR 2-1/16 6 PT,0
PROTO,15811,J07533M,SKT IMP 3/4 DR 33MM 6 PT,0
PROTO,15894,J07534,SKT IMP 3/4 DR 2-1/8 6 PT,0
PROTO,15812,J07534M,SKT IMP 3/4 DR 34MM 6 PT,0
PROTO,15895,J07535,SKT IMP 3/4 DR 2-3/16 6 PT,0
PROTO,15888,J07535M,SKT IMP 3/4 DR 35MM 6 PT,0
PROTO,15896,J07536,SKT IMP 3/4 DR 2-1/4 6 PT,0
PROTO,15813,J07536M,SKT IMP 3/4 DR 36MM 6 PT,0
PROTO,15897,J07538,SKT IMP 3/4 DR 2-3/8 6 PT,0
PROTO,15814,J07538M,SKT IMP 3/4 DR 38MM 6 PT,0
PROTO,15889,J07540M,SKT IMP 3/4 DR 40MM 6 PT,0
PROTO,15815,J07541M,SKT IMP 3/4 DR 41MM 6 PT,0
PROTO,15816,J07542M,SKT IMP 3/4 DR 42MM 6 PT,0
PROTO,15817,J07543M,SKT IMP 3/4 DR 43MM 6 PT,0
PROTO,15818,J07546M,SKT IMP 3/4 DR 46MM 6 PT,0
PROTO,15819,J07550M,SKT IMP 3/4 DR 50MM 6 PT,0
PROTO,16612,J07567,SKT IMP EXT 3/4 DR 7,0
PROTO,16613,J07568,SKT IMP EXT 3/4 DR 10,0
PROTO,16614,J07569,SKT IMP EXT 3/4 DR 13,0
PROTO,16631,J07570A,3/4 DR UNIVERSAL JOINT,0
PROTO,16621,J075901,"SKT IMP HEX BIT 3/4 DR 1""",0
PROTO,16619,J075903/4,SKT IMP HEX BIT 3/4 DR 3/4,0
PROTO,16618,J075905/8,SKT IMP HEX BIT 3/4 DR 5/8,0
PROTO,16620,J075907/8,SKT IMP HEX BIT 3/4 DR 7/8,0
PROTO,16617,J075909/16,SKT IMP HEX BIT 3/4 DR 9/16,0
PROTO,16615,J07655,SKT IMP ADAP 3/4 FX1 M,0
PROTO,16616,J07656,SKT IMP ADAP 1 F X 3/4 M,0
PROTO,16622,J10004,SKT IMP ADAP 1 F X 1-1/2,0
PROTO,16682,J10012,SKT IMP 1 DR 3/4 6 PT,0
PROTO,16683,J10013,SKT IMP 1 DR 13/16 6 PT,0
PROTO,16684,J10014,SKT IMP 1 DR 7/8 6 PT,0
PROTO,16685,J10015,SKT IMP 1 DR 15/16 6 PT,0
PROTO,16686,J10016,SKT IMP 1 DR 1 6 PT,0
PROTO,16687,J10017,SKT IMP 1 DR 1-1/16 6 PT,0
PROTO,16688,J10018,SKT IMP 1 DR 1-1/8 6 PT,0
PROTO,16689,J10019,SKT IMP 1 DR 1-3/16 6 PT,0
PROTO,16729,J10019M,SKT IMP 1 DR 19MM 6 PT,0
PROTO,16690,J10020,SKT IMP 1 DR 1-1/4 6 PT,0
PROTO,16691,J10021,SKT IMP 1 DR 1-5/16 6 PT,0
PROTO,16692,J10022,SKT IMP 1 DR 1-3/8 6 PT,0
PROTO,16730,J10022M,SKT IMP 1 DR 22MM 6 PT,0
PROTO,16693,J10023,SKT IMP 1 DR 1-7/16 6 PT,0
PROTO,16694,J10024,SKT IMP 1 DR 1-1/2 6 PT,0
PROTO,16731,J10024M,SKT IMP 1 DR 24MM 6 PT,0
PROTO,16695,J10025,SKT IMP 1 DR 1-9/16 6 PT,0
PROTO,16696,J10026,SKT IMP 1 DR 1-5/8 6 PT,0
PROTO,16697,J10027,SKT IMP 1 DR 1-11/16 6 PT,0
PROTO,16732,J10027M,SKT IMP 1 DR 27MM 6 PT,0
PROTO,16698,J10028,SKT IMP 1 DR 1-3/4 6 PT,0
PROTO,16733,J10028M,SKT IMP 1 DR 28MM 6 PT,0
PROTO,16699,J10029,SKT IMP 1 DR 1-13/16 6 PT,0
PROTO,16700,J10030,SKT IMP 1 DR 1-7/8 6 PT,0
PROTO,16734,J10030M,SKT IMP 1 DR 30MM 6 PT,0
PROTO,16701,J10031,SKT IMP 1 DR 1-15/16 6 PT,0
PROTO,16702,J10032,SKT IMP 1 DR 2 6 PT,0
PROTO,16735,J10032M,SKT IMP 1 DR 32MM 6 PT,0
PROTO,16703,J10033,SKT IMP 1 DR 2-1/16 6 PT,0
PROTO,16736,J10033M,SKT IMP 1 DR 33MM 6 PT,0
PROTO,16704,J10034,SKT IMP 1 DR 2-1/8 6 PT,0
PROTO,16705,J10035,SKT IMP 1 DR 2-3/16 6 PT,0
PROTO,16706,J10036,SKT IMP 1 DR 2-1/4 6 PT,0
PROTO,16737,J10036M,SKT IMP 1 DR 36MM 6 PT,0
PROTO,16707,J10037,SKT IMP 1 DR 2-5/16 6 PT,0
PROTO,16708,J10038,SKT IMP 1 DR 2-3/8 6 PT,0
PROTO,16709,J10039,SKT IMP 1 DR 2-7/16 6 PT,0
PROTO,16710,J10040,SKT IMP 1 DR 2-1/2 6 PT,0
PROTO,16711,J10041,SKT IMP 1 DR 2-9/16 6 PT,0
PROTO,16738,J10041M,SKT IMP 1 DR 41MM 6 PT,0
PROTO,16712,J10042,SKT IMP 1 DR 2-5/8 6 PT,0
PROTO,16713,J10043,SKT IMP 1 DR 2-11/16 6 PT,0
PROTO,16714,J10044,SKT IMP 1 DR 2-3/4 6 PT,0
PROTO,16715,J10045,SKT IMP 1 DR 2-13/16 6 PT,0
PROTO,16716,J10046,SKT IMP 1 DR 2-7/8 6 PT,0
PROTO,16739,J10046M,SKT IMP 1 DR 46MM 6 PT,0
PROTO,16717,J10047,SKT IMP 1 DR 2-15/16 6 PT,0
PROTO,16718,J10048,SKT IMP 1 DR 3 6 PT,0
PROTO,16740,J10050M,SKT IMP 1 DR 50MM 6 PT,0
PROTO,16741,J10055M,SKT IMP 1 DR 55MM 6 PT,0
PROTO,16742,J10060M,SKT IMP 1 DR 60MM 6 PT,0
PROTO,16743,J10065M,SKT IMP 1 DR 65MM 6 PT,0
PROTO,16776,J10607,SKT IMP EXT 1 DR 7,0
PROTO,16777,J10608,SKT IMP EXT 1 DR 10,0
PROTO,16778,J10609,SKT IMP EXT 1 DR 13,0
PROTO,16775,J10670A,SKT IMP 1 DR UNIV JOINT,0
PROTO,16992,J1191T-A,WR RAT BOX 1/4 X 5/16 12,0
PROTO,16994,J1192T-A,WR RAT BOX 3/8 X 7/16 12,0
PROTO,16996,J1193T-A,WR RAT BOX 1/2 X 9/16 12,0
PROTO,16997,J1194-A,WR RAT BOX 5/8 X 11/16 12,0
PROTO,16998,J1195-A,WR RAT BOX 3/4 X 7/8 12 P,0
PROTO,16999,J1196-A,WR RAT BOX 5/8 X 3/4 12 P,0
PROTO,17000,J1197-A,WR RAT BOX 13/16 X 15/16,0
PROTO,17001,J1198,WR RAT BOX 1 X 1-1/16 12,0
PROTO,17002,J1199,WR RAT BOX 1-1/8 X 1-1/4,0
PROTO,17769,J1312PGD,HAMMER BALL PEIN 12 OZ  340 GR,0
PROTO,17770,J1316PGD,HAMMER BALL PEIN 16 OZ   450 GR,0
PROTO,17771,J1324PGD,HAMMER BALL PEIN 24 OZ  680 GR,0
PROTO,17772,J1332PGD,HAMMER BALL PEIN 32 OZ  910 GR,0
PROTO,17825,J1430G,HAMMER BRASS 1-1/2 LB,0
PROTO,17827,J1431G,HAMMER BRASS 3.8 LB,0
PROTO,17826,J1432G,HAMMER BRASS 2.6 LB 1092 gr.,0
PROTO,17815,J1433G,HAMMER SLEDGE 2.5 LB 1050 gr,0
PROTO,17816,J1434G,HAMMER SLEDGE 3 LB 1260 Gr,0
PROTO,17817,J1435G,HAMMER SLEDGE 4 LB 1680 GR,0
PROTO,17818,J1436G,HAMMER SLEDGE 6 LB 2520 gr,0
PROTO,17819,J1437G,HAMMER SLEDGE 8 LB 3360  gr,0
PROTO,17820,J1438G,HAMMER SLEDGE 10 LB 4200 gr,0
PROTO,17821,J1439G,HAMMER SLEDGE 12 LB 5040 gr,0
PROTO,16793,J15007,SKT IMP ADAP 1-1/2 F X 1,0
PROTO,17332,J2S2,SET PUNCH + CHISEL 12 PC,0
PROTO,17300,J2116,BAR PRY ALIGNING 16,0
PROTO,17301,J2120,BAR PRY ALIGNING 18,0
PROTO,17302,J2124,BAR PRY ALIGNING 24,0
PROTO,17303,J2125,BAR PRY ALIGNING 30,0
PROTO,17304,J2126,BAR 12IN LONG 1/2IN TIP,0
PROTO,17305,J2130,BAR 16IN LONG 5/8 IN TIP,0
PROTO,17706,J2344,RETRIEVER + HOLDER FLEX,0
PROTO,17707,J2345,RETRIEVER + HOLDER FLEX,0
PROTO,17701,J2370,MIRROR INSPECT CIRCLE 7/8,0
PROTO,17702,J2371,MIRROR INSPECT OVAL 1 X 2,0
PROTO,17703,J2372,MIRROR INSPECT CIRCLE 2-1,0
PROTO,17704,J2373,MIRROR INSPECT RECT 2-1/8,0
PROTO,17705,J2374,MIRROR INSPECT CIRCLE 1-1,0
PROTO,17710,J2375,RETRIEVER MAG 16-3/4 TELE,0
PROTO,17708,J2376A,"MAGNETIC RETRIEVING TOOL POCKET 8""",0
PROTO,17709,J2377,RETRIEVER MAGNETIC,0
PROTO,17371,J250G,PLIER LOCK RING W/GRIP,0
PROTO,17714,J3006,WRENCH OIL FILTER,0
PROTO,17716,J3007,WRENCH OIL FILTER,0
PROTO,17715,J3008,WRENCH OIL FILTER,0
PROTO,17385,J360B,SET PLIER RETAINING RING,0
PROTO,17989,J411/2S2,PUNCH CENTER,0
PROTO,17985,J411/4S2,PUNCH CENTER,0
PROTO,17987,J413/8S2,PUNCH CENTER,0
PROTO,17986,J415/16S2,PUNCH CENTER,0
PROTO,17988,J417/16S2,PUNCH CENTER,0
PROTO,19590,J542715-4RD,27 IN CHEST W/ DROP FRONT 27 IN CHEST W/ DROP FRONT,0
PROTO,19635,J542719-12RD-D,27 IN CHEST W/ DROP FRONT 27 IN CHEST W/ DROP FRONT,0
PROTO,19627,J542735-3RD,27 IN ROLLER CAB 3 DWR 27 IN ROLLER CAB 3 DWR,0
PROTO,19602,J542735-7RD,27 IN ROLLER CAB 7 DWR 27 IN ROLLER CAB 7 DWR,0
PROTO,19585,J542742-12RD,27 IN ROLLER CAB 12 DWR 27 IN ROLLER CAB 12 DWR,0
PROTO,17874,STUD REMOVER,STUD REMOVER,0
PROTO,17334,J46S2,SET PUNCH + CHISEL 26 PC,0
PROTO,17997,J471/2X1/4,PUNCH PIN 1/4,0
PROTO,17991,J471/4X1/16,PUNCH PIN 1/16,0
PROTO,17992,J471/4X3/32,PUNCH PIN 3/32,0
PROTO,17995,J473/8X3/16,PUNCH PIN 3/16,0
PROTO,17993,J475/16X1/8,PUNCH PIN 1/8,0
PROTO,17994,J475/16X5/32,PUNCH PIN 5/32,0
PROTO,17996,J477/16X7/32,PUNCH PIN 7/32,0
PROTO,17335,J47A,SET PUNCH PIN 7 PC,0
PROTO,17318,J48007,SET PUNCH PIN SUPER DUTY,0
PROTO,18807,J48014,PUNCH PIN 1/4 SUPER DUTY,0
PROTO,18803,J48018,PUNCH PIN 1/8 SUPER DUTY,0
PROTO,18810,J48038,PUNCH PIN 3/8 SUPER DUTY,0
PROTO,18800,J48116,PUNCH PIN 1/16 SUPER DUTY,0
PROTO,18805,J48316,PUNCH PIN 3/16 SUPER DUTY,0
PROTO,18802,J48332,PUNCH PIN 3/32 SUPER DUTY,0
PROTO,18809,J48516,PUNCH PIN 5/16 SUPER DUTY,0
PROTO,18804,J48532,PUNCH PIN 5/32 SUPER DUTY,0
PROTO,18806,J48732,PUNCH PIN 7/32 SUPER DUTY,0
PROTO,17478,J4900A,SET HEX BIT 3/8-1/2 DR 10,0
PROTO,17480,J4900MA,SET HEX BIT 3/8-1/2DR 10P,0
PROTO,17974,J501/2S2,PUNCH STARTING 1/4,0
PROTO,17970,J501/4S2,PUNCH STARTING 3/32,0
PROTO,17969,J503/16S2,PUNCH STARTING 1/16,0
PROTO,17972,J503/8S2,PUNCH STARTING 3/16,0
PROTO,17971,J505/16S2,PUNCH STARTING 1/8,0
PROTO,17973,J507/16S2,PUNCH STARTING 7/32,0
PROTO,16445,J54411/2,SKT HEX BIT 1/2 DR 1/2,0
PROTO,16441,J54411/4,SKT HEX BIT 1/2 DR 1/4,0
PROTO,16450,J5441-10M,SKT HEX BIT 1/2 DR 10MM,0
PROTO,16451,J5441-12M,SKT HEX BIT 1/2 DR 12MM,0
PROTO,16453,J5441-14M,SKT HEX BIT 1/2 DR 14MM,0
PROTO,17487,J5441-17M,SKT HEX BIT 1/2 DR 17MM,0
PROTO,17485,J54413/4,SKT HEX BIT 1/2DR X 3/4,0
PROTO,16443,J54413/8,SKT HEX BIT 1/2 DR 3/8,0
PROTO,16442,J54415/16,SKT HEX BIT 1/2 DR 5/16,0
PROTO,16447,J54415/8,SKT HEX BIT 1/2 DR 5/8,0
PROTO,16448,J5441-6M,SKT HEX BIT 1/2 DR 6MM,0
PROTO,16444,J54417/16,SKT HEX BIT 1/2 DR 7/16,0
PROTO,16449,J5441-8M,SKT HEX BIT 1/2 DR 8MM,0
PROTO,16446,J54419/16,SKT HEX BIT 1/2 DR 9/16,0
PROTO,16464,J5450FW,RATCHET 1/2 DR FEMALE,0
PROTO,16676,J5849,RATCHET 1 DR,0
PROTO,16675,J5849RK,KIT REP FOR 5849 RATCHET,0
PROTO,16674,J5852,RATCHET PLUG 1 DR,0
PROTO,16666,J5853,ADAPTER 3/4 F X 1 M,0
PROTO,16667,J5854,ADAPTER 1 F X 3/4 M,0
PROTO,16669,J5861,EXTENSION 1 DR 8,0
PROTO,16678,J5868,HANDLE HINGE 1 DR 27,0
PROTO,16672,J5884,HANDLE SLIDING T BAR 24,0
PROTO,16673,J5885,HANDLE SLIDING T 1 DR HEA,0
PROTO,17515,J6006C,ENC 3/8  16-80 FT-LB - 21-116NM,0
PROTO,17522,J6006NMC,"ENC 3/8 16-80 NM -6,4-51,3 LIBRA PIE",0
PROTO,17508,J6008C,ENC 1/2 16-80 FT-LB-21-116NM,0
PROTO,17516,J6012C,ENC 3/8 20-100 FT-LB-34-142 NM,0
PROTO,17512,J6014C,ENC 1/2  50-250 FT-LB-75-345 NM,0
PROTO,17524,J6014NMC,"ENC 1/2 70-350 NM-44,9-224,4 LIBRA PIE",0
PROTO,17509,J6016C,ENC 1/2  30-150 FT-LB   47-210 NM,0
PROTO,17523,J6016NMC,"ENC 1/2 40-200 NM - 25,6-128,2 LIBRA PIE",0
PROTO,17511,J6018AB,ENC 3/4 DR 60-300 FT-LB  102-428 NM,0
PROTO,17510,J6020AB,ENC 3/4 120-600 FT-LB 142-834 NM,0
PROTO,17525,J6020NM,"ENC 3/4 160-800NM - 76,9-542,8 LIBRA PIE",0
PROTO,17517,J6022B,"ENC 1"" 140-700 FT-LB- 210NM-970NM",0
PROTO,17540,J6023,"ENC 1"" 200-1000 FT-LB  305-1320NM",0
PROTO,17519,J6025,"ENC 1""400-2000 FT-LB  480-2700NM",0
PROTO,17529,J6062C,ENC 1/4 40-200 IN-LB 10-80 Libras Pie,0
PROTO,17530,J6064C,"ENC 3/8 40-200 IN-LB  5,7-23,7 NM",0
PROTO,17527,J6066C,ENC 3/8 200-1000 IN-LB,0
PROTO,17528,J6068C,ENC 1/2 360-1800 IN-LB,0
PROTO,17533,J6072C,ENC 1/2 600-3000 IN-LB,0
PROTO,17562,J6202A,TORQUE MULTIPLIER 750 FT,0
PROTO,17563,J6212,TORQUE MULTIPLIER 1200 FT,0
PROTO,17568,J6212RD,TORQUE MULTIPLIER OUTPUT,0
PROTO,17564,J6222,TORQUE MULTIPLIER 2200 FT,0
PROTO,17566,J6222RD,TORQUE MULTIPLIER OUTPUT,0
PROTO,17565,J6232,TORQUE MULTIPLIER 3200 FT,0
PROTO,18998,J6242,TORQUE MULTIPLIER 5000 FT,0
PROTO,18999,J6242RD,OUTPUT DRIVE FOR 6242,0
PROTO,18470,J6925,BIT HOLDER PWR 1/4 DR X 1,0
PROTO,19008,J7099A,SET DRIVER IMPACT 13PC,0
PROTO,19760,J721/4S2,CHISEL CAPE 11/64,0
PROTO,19762,J723/8S2,CHISEL CAPE 17/64,0
PROTO,19761,J725/16S2,CHISEL CAPE 13/64,0
PROTO,18546,J74411/2,SKT IMP HEX BIT 1/2 DR 1/,0
PROTO,18542,J74411/4,SKT IMP HEX BIT 1/2 DR 1/4,0
PROTO,18538,J7441-10M,SKT IMP HEX BIT 1/2 DR 10,0
PROTO,18539,J7441-12M,SKT IMP HEX BIT 1/2 DR 12,0
PROTO,18540,J7441-14M,SKT IMP HEX BIT 1/2 DR 14,0
PROTO,18541,J7441-17M,SKT IMP HEX BIT 1/2 DR 17,0
PROTO,18544,J74413/8,SKT IMP HEX BIT 1/2 DR 3/8,0
PROTO,18543,J74415/16,SKT IMP HEX BIT 1/2 DR 5/16,0
PROTO,18548,J74415/8,SKT IMP HEX BIT 1/2 DR 5/,0
PROTO,18536,J7441-6M,SKT IMP HEX BIT 1/2 DR 6M,0
PROTO,18545,J74417/16,SKT IMP HEX BIT 1/2 DR 7/,0
PROTO,18537,J7441-8M,SKT IMP HEX BIT 1/2 DR 8M,0
PROTO,18547,J74419/16,SKT IMP HEX BIT 1/2 DR 9/,0
PROTO,16196,J7650,SKT IMP ADAP 3/8 F X 1/2,0
PROTO,16197,J7651,SKT IMP ADAP 1/2 F X 3/8,0
PROTO,16589,J7652,SKT IMP ADAP 1/2 F X 3/4,0
PROTO,16590,J7653,SKT IMP ADAP 3/4 F X 1/2,0
PROTO,17190,J801,WR CHAIN,0
PROTO,17311,J86A1/2S2,CHISEL COLD 5/8,0
PROTO,17307,J86A1/4S2,CHISEL COLD 5/16,0
PROTO,17317,J86A1X8S2,CHISEL COLD 1-3/16,0
PROTO,17306,J86A3/16S2,CHISEL COLD 1/4,0
PROTO,17314,J86A3/4X12S2,CHISEL COLD 7/8,0
PROTO,17313,J86A3/4X8S2,CHISEL COLD 7/8,0
PROTO,17309,J86A3/8S2,CHISEL COLD 7/16,0
PROTO,17308,J86A5/16S2,CHISEL COLD 3/8,0
PROTO,17312,J86A5/8S2,CHISEL COLD 3/4,0
PROTO,17310,J86A7/16S2,CHISEL COLD 1/2,0
PROTO,17315,J86A7/8X8S2,CHISEL COLD 1,0
PROTO,17331,J86BS2,SET CHISEL 7 PC,0
PROTO,17330,J86CS2,SET CHISEL 5 PC,0
PROTO,17861,J9500A,SET SCREW EXTRACTOR 5 PC,0
PROTO,17862,J9500B,SET SCREW EXTRACTOR 10 PC,0
PROTO,17863,J9521,SCREW EXTRACTOR 1/8,0
PROTO,17864,J9522,SCREW EXTRACTOR 3/16,0
PROTO,17865,J9523,SCREW EXTRACTOR 15/64,0
PROTO,17866,J9524,SCREW EXTRACTOR 5/16,0
PROTO,17867,J9525,SCREW EXTRACTOR 3/8,0
PROTO,17868,J9525B,SCREW EXTRACTOR 15/32,0
PROTO,17869,J9526,SCREW EXTRACTOR 9/16,0
PROTO,17870,J9527,SCREW EXTRACTOR 21/32,0
PROTO,17871,J9528,SCREW EXTRACTOR 13/16,0
PROTO,17872,J9529,SCREW EXTRACTOR 1-1/16,0
PROTO,17982,J961/2S2,PUNCH DRIFT 1/4,0
PROTO,17978,J961/4S2,PUNCH DRIFT 3/32,0
PROTO,17984,J963/4S2,PUNCH DRIFT 3/8,0
PROTO,17980,J963/8S2,PUNCH DRIFT 3/16,0
PROTO,17979,J965/16S2,PUNCH DRIFT 1/8,0
PROTO,17983,J965/8S2,PUNCH DRIFT 5/16,0
PROTO,17981,J967/16S2,PUNCH DRIFT 7/32,0
PROTO,17676,J9888,SCRWDR MAGNETIZER DEMAGNE,0
PROTO,17181,JC471,WR SPANNER ADJ HOOK 3/4 T,0
PROTO,17182,JC472,WR SPANNER ADJ HOOK 1-1/4,0
PROTO,17183,JC474,WR SPANNER ADJ HOOK 2 TO,0
PROTO,17184,JC474A,WR SPANNER ADJ HOOK 4-1/2,0
PROTO,18191,j6062rk,Repuesto Torquimetros,0
PROTO,17532,j6064rk,Repuesto Torquimetros,0
PROTO,18113,j6006rk,Repuesto Torquimetros,0
PROTO,18171,j6014rk,Repuesto Torquimetros,0
PROTO,17531,j6008rk,Repuesto Torquimetros,0
PROTO,18170,j6018rk,Repuesto Torquimetros,0
TWILL,21112,891500,"Juego Brocas Concreto 3 Pzs (5, 6, 8)",0
TWILL,21113,891503,"Juego Brocas Concreto 5 Pzs (4, 5, 6, 8, 10)",0
TWILL,21115,891507,"Juego Brocas Concreto 7Pzs (3, 4, 5, 6, 7, 8, 10)",0
TWILL,21542,TB14899,HSS DRILL SET DIN 338 TW100 ABS 19P,0
TWILL,21318,TB40000,Broca HSS DIN 338 TW104 X 00.50MM,0
TWILL,21319,TB40001,Broca HSS DIN 338 TW104 X 00.60MM,0
TWILL,21317,TB40002,Broca HSS DIN 338 TW104 X 00.70MM,0
TWILL,21316,TB40003,Broca HSS DIN 338 TW104 X 00.75MM,0
TWILL,21320,TB40004,Broca HSS DIN 338 TW104 X 00.80MM,0
TWILL,21321,TB40006,Broca HSS DIN 338 TW104 X 00.90MM,0
TWILL,21322,TB40008,Broca HSS DIN 338 TW104 X 01.00MM,0
TWILL,21324,TB40010,Broca HSS DIN 338 TW104 X 01.10MM,0
TWILL,21326,TB40012,Broca HSS DIN 338 TW104 X 01.20MM,0
TWILL,21327,TB40013,Broca HSS DIN 338 TW104 X 01.25MM,0
TWILL,21328,TB40014,Broca HSS DIN 338 TW104 X 01.30MM,0
TWILL,21330,TB40016,Broca HSS DIN 338 TW104 X 01.40MM,0
TWILL,21332,TB40018,Broca HSS DIN 338 TW104 X 01.50MM,0
TWILL,21334,TB40020,Broca HSS DIN 338 TW104 X 01.60MM,0
TWILL,21336,TB40022,Broca HSS DIN 338 TW104 X 01.70MM,0
TWILL,21337,TB40023,Broca HSS DIN 338 TW104 X 01.75MM,0
TWILL,21338,TB40024,Broca HSS DIN 338 TW104 X 01.80MM,0
TWILL,21340,TB40026,Broca HSS DIN 338 TW104 X 01.90MM,0
TWILL,21342,TB40028,Broca HSS DIN 338 TW104 X 02.00MM,0
TWILL,21344,TB40030,Broca HSS DIN 338 TW104 X 02.10MM,0
TWILL,21346,TB40032,Broca HSS DIN 338 TW104 X 02.20MM,0
TWILL,21347,TB40033,Broca HSS DIN 338 TW104 X 02.25MM,0
TWILL,21348,TB40034,Broca HSS DIN 338 TW104 X 02.30MM,0
TWILL,21350,TB40036,Broca HSS DIN 338 TW104 X 02.40MM,0
TWILL,21352,TB40038,Broca HSS DIN 338 TW104 X 02.50MM,0
TWILL,21354,TB40040,Broca HSS DIN 338 TW104 X 02.60MM,0
TWILL,21356,TB40042,Broca HSS DIN 338 TW104 X 02.70MM,0
TWILL,21357,TB40043,Broca HSS DIN 338 TW104 X 02.75MM,0
TWILL,21358,TB40044,Broca HSS DIN 338 TW104 X 02.80MM,0
TWILL,21360,TB40046,Broca HSS DIN 338 TW104 X 02.90MM,0
TWILL,21362,TB40048,Broca HSS DIN 338 TW104 X 03.00MM,0
TWILL,21363,TB40049,Broca HSS DIN 338 TW104 X 03.10MM,0
TWILL,21364,TB40050,Broca HSS DIN 338 TW104 X 03.20MM,0
TWILL,21365,TB40051,Broca HSS DIN 338 TW104 X 03.25MM,0
TWILL,21366,TB40052,Broca HSS DIN 338 TW104 X 03.30MM,0
TWILL,21367,TB40053,Broca HSS DIN 338 TW104 X 03.40MM,0
TWILL,21368,TB40054,Broca HSS DIN 338 TW104 X 03.50MM,0
TWILL,21369,TB40055,Broca HSS DIN 338 TW104 X 03.60MM,0
TWILL,21370,TB40056,Broca HSS DIN 338 TW104 X 03.70MM,0
TWILL,21371,TB40057,Broca HSS DIN 338 TW104 X 03.75MM,0
TWILL,21372,TB40058,Broca HSS DIN 338 TW104 X 03.80MM,0
TWILL,21373,TB40059,Broca HSS DIN 338 TW104 X 03.90MM,0
TWILL,21374,TB40060,Broca HSS DIN 338 TW104 X 04.00MM,0
TWILL,21375,TB40061,Broca HSS DIN 338 TW104 X 04.10MM,0
TWILL,21376,TB40062,Broca HSS DIN 338 TW104 X 04.20MM,0
TWILL,21377,TB40063,Broca HSS DIN 338 TW104 X 04.25MM,0
TWILL,21378,TB40064,Broca HSS DIN 338 TW104 X 04.30MM,0
TWILL,21379,TB40065,Broca HSS DIN 338 TW104 X 04.40MM,0
TWILL,21380,TB40066,Broca HSS DIN 338 TW104 X 04.50MM,0
TWILL,21381,TB40067,Broca HSS DIN 338 TW104 X 04.60MM,0
TWILL,21382,TB40068,Broca HSS DIN 338 TW104 X 04.70MM,0
TWILL,21383,TB40069,Broca HSS DIN 338 TW104 X 04.75MM,0
TWILL,21384,TB40070,Broca HSS DIN 338 TW104 X 04.80MM,0
TWILL,21385,TB40071,Broca HSS DIN 338 TW104 X 04.90MM,0
TWILL,21386,TB40072,Broca HSS DIN 338 TW104 X 05.00MM,0
TWILL,21387,TB40073,Broca HSS DIN 338 TW104 X 05.10MM,0
TWILL,21388,TB40074,Broca HSS DIN 338 TW104 X 05.20MM,0
TWILL,21389,TB40075,Broca HSS DIN 338 TW104 X 05.25MM,0
TWILL,21390,TB40076,Broca HSS DIN 338 TW104 X 05.30MM,0
TWILL,21391,TB40077,Broca HSS DIN 338 TW104 X 05.40MM,0
TWILL,21392,TB40078,Broca HSS DIN 338 TW104 X 05.50MM,0
TWILL,21393,TB40079,Broca HSS DIN 338 TW104 X 05.60MM,0
TWILL,21394,TB40080,Broca HSS DIN 338 TW104 X 05.70MM,0
TWILL,21395,TB40081,Broca HSS DIN 338 TW104 X 05.75MM,0
TWILL,21396,TB40082,Broca HSS DIN 338 TW104 X 05.80MM,0
TWILL,21397,TB40083,Broca HSS DIN 338 TW104 X 05.90MM,0
TWILL,21398,TB40084,Broca HSS DIN 338 TW104 X 06.00MM,0
TWILL,21399,TB40085,Broca HSS DIN 338 TW104 X 06.10MM,0
TWILL,21400,TB40086,Broca HSS DIN 338 TW104 X 06.20MM,0
TWILL,21401,TB40087,Broca HSS DIN 338 TW104 X 06.25MM,0
TWILL,21402,TB40088,Broca HSS DIN 338 TW104 X 06.30MM,0
TWILL,21403,TB40089,Broca HSS DIN 338 TW104 X 06.40MM,0
TWILL,21404,TB40090,Broca HSS DIN 338 TW104 X 06.50MM,0
TWILL,21405,TB40091,Broca HSS DIN 338 TW104 X 06.60MM,0
TWILL,21406,TB40092,Broca HSS DIN 338 TW104 X 06.70MM,0
TWILL,21407,TB40093,Broca HSS DIN 338 TW104 X 06.75MM,0
TWILL,21408,TB40094,Broca HSS DIN 338 TW104 X 06.80MM,0
TWILL,21409,TB40095,Broca HSS DIN 338 TW104 X 06.90MM,0
TWILL,21410,TB40096,Broca HSS DIN 338 TW104 X 07.00MM,0
TWILL,21411,TB40097,Broca HSS DIN 338 TW104 X 07.10MM,0
TWILL,21412,TB40098,Broca HSS DIN 338 TW104 X 07.20MM,0
TWILL,21413,TB40099,Broca HSS DIN 338 TW104 X 07.25MM,0
TWILL,21414,TB40100,Broca HSS DIN 338 TW104 X 07.30MM,0
TWILL,21415,TB40101,Broca HSS DIN 338 TW104 X 07.40MM,0
TWILL,21416,TB40102,Broca HSS DIN 338 TW104 X 07.50MM,0
TWILL,21417,TB40103,Broca HSS DIN 338 TW104 X 07.60MM,0
TWILL,21418,TB40104,Broca HSS DIN 338 TW104 X 07.70MM,0
TWILL,21419,TB40105,Broca HSS DIN 338 TW104 X 07.75MM,0
TWILL,21420,TB40106,Broca HSS DIN 338 TW104 X 07.80MM,0
TWILL,21421,TB40107,Broca HSS DIN 338 TW104 X 07.90MM,0
TWILL,21422,TB40108,Broca HSS DIN 338 TW104 X 08.00MM,0
TWILL,21423,TB40109,Broca HSS DIN 338 TW104 X 08.10MM,0
TWILL,21424,TB40110,Broca HSS DIN 338 TW104 X 08.20MM,0
TWILL,21425,TB40111,Broca HSS DIN 338 TW104 X 08.25MM,0
TWILL,21426,TB40112,Broca HSS DIN 338 TW104 X 08.30MM,0
TWILL,21427,TB40113,Broca HSS DIN 338 TW104 X 08.40MM,0
TWILL,21428,TB40114,Broca HSS DIN 338 TW104 X 08.50MM,0
TWILL,21429,TB40115,Broca HSS DIN 338 TW104 X 08.60MM,0
TWILL,21430,TB40116,Broca HSS DIN 338 TW104 X 08.70MM,0
TWILL,21431,TB40117,Broca HSS DIN 338 TW104 X 08.75MM,0
TWILL,21432,TB40118,Broca HSS DIN 338 TW104 X 08.80MM,0
TWILL,21433,TB40119,Broca HSS DIN 338 TW104 X 08.90MM,0
TWILL,21434,TB40120,Broca HSS DIN 338 TW104 X 09.00MM,0
TWILL,21435,TB40121,Broca HSS DIN 338 TW104 X 09.10MM,0
TWILL,21436,TB40122,Broca HSS DIN 338 TW104 X 09.20MM,0
TWILL,21437,TB40123,Broca HSS DIN 338 TW104 X 09.25MM,0
TWILL,21438,TB40124,Broca HSS DIN 338 TW104 X 09.30MM,0
TWILL,21439,TB40125,Broca HSS DIN 338 TW104 X 09.40MM,0
TWILL,21440,TB40126,Broca HSS DIN 338 TW104 X 09.50MM,0
TWILL,21441,TB40127,Broca HSS DIN 338 TW104 X 09.60MM,0
TWILL,21442,TB40128,Broca HSS DIN 338 TW104 X 09.70MM,0
TWILL,21443,TB40129,Broca HSS DIN 338 TW104 X 09.75MM,0
TWILL,21444,TB40130,Broca HSS DIN 338 TW104 X 09.80MM,0
TWILL,21445,TB40131,Broca HSS DIN 338 TW104 X 09.90MM,0
TWILL,21446,TB40132,Broca HSS DIN 338 TW104 X 10.00MM,0
TWILL,21447,TB40134,Broca HSS DIN 338 TW104 X 10.20MM,0
TWILL,21449,TB40135,Broca HSS DIN 338 TW104 X 10.25MM,0
TWILL,21448,TB40136,Broca HSS DIN 338 TW104 X 10.30MM,0
TWILL,21452,TB40138,Broca HSS DIN 338 TW104 X 10.50MM,0
TWILL,21450,TB40140,Broca HSS DIN 338 TW104 X 10.70MM,0
TWILL,21455,TB40141,Broca HSS DIN 338 TW104 X 10.75MM,0
TWILL,21451,TB40142,Broca HSS DIN 338 TW104 X 10.80MM,0
TWILL,21458,TB40144,Broca HSS DIN 338 TW104 X 11.00MM,0
TWILL,21459,TB40145,Broca HSS DIN 338 TW104 X 11.10MM,0
TWILL,21453,TB40146,Broca HSS DIN 338 TW104 X 11.20MM,0
TWILL,21461,TB40147,Broca HSS DIN 338 TW104 X 11.25MM,0
TWILL,21454,TB40148,Broca HSS DIN 338 TW104 X 11.30MM,0
TWILL,21464,TB40150,Broca HSS DIN 338 TW104 X 11.50MM,0
TWILL,21456,TB40152,Broca HSS DIN 338 TW104 X 11.70MM,0
TWILL,21467,TB40153,Broca HSS DIN 338 TW104 X 11.75MM,0
TWILL,21457,TB40154,Broca HSS DIN 338 TW104 X 11.80MM,0
TWILL,21470,TB40156,Broca HSS DIN 338 TW104 X 12.00MM,0
TWILL,21462,TB40158,Broca HSS DIN 338 TW104 X 12.20MM,0
TWILL,21473,TB40159,Broca HSS DIN 338 TW104 X 12.25MM,0
TWILL,21463,TB40160,Broca HSS DIN 338 TW104 X 12.30MM,0
TWILL,21476,TB40162,Broca HSS DIN 338 TW104 X 12.50MM,0
TWILL,21478,TB40164,Broca HSS DIN 338 TW104 X 12.70MM,0
TWILL,21479,TB40165,Broca HSS DIN 338 TW104 X 12.75MM,0
TWILL,21465,TB40166,Broca HSS DIN 338 TW104 X 12.80MM,0
TWILL,21482,TB40168,Broca HSS DIN 338 TW104 X 13.00MM,0
TWILL,21468,TB40170,Broca HSS DIN 338 TW104 X 13.20MM,0
TWILL,21485,TB40171,Broca HSS DIN 338 TW104 X 13.25MM,0
TWILL,21469,TB40172,Broca HSS DIN 338 TW104 X 13.30MM,0
TWILL,21488,TB40174,Broca HSS DIN 338 TW104 X 13.50MM,0
TWILL,21471,TB40176,Broca HSS DIN 338 TW104 X 13.70MM,0
TWILL,21491,TB40177,Broca HSS DIN 338 TW104 X 13.75MM,0
TWILL,21472,TB40178,Broca HSS DIN 338 TW104 X 13.80MM,0
TWILL,21494,TB40180,Broca HSS DIN 338 TW104 X 14.00MM,0
TWILL,21495,TB40181,Broca HSS DIN 338 TW104 X 14.25MM,0
TWILL,21496,TB40182,Broca HSS DIN 338 TW104 X 14.50MM,0
TWILL,21497,TB40183,Broca HSS DIN 338 TW104 X 14.75MM,0
TWILL,21498,TB40184,Broca HSS DIN 338 TW104 X 15.00MM,0
TWILL,21499,TB40185,Broca HSS DIN 338 TW104 X 15.25MM,0
TWILL,21500,TB40186,Broca HSS DIN 338 TW104 X 15.50MM,0
TWILL,21501,TB40187,Broca HSS DIN 338 TW104 X 15.75MM,0
TWILL,21502,TB40188,Broca HSS DIN 338 TW104 X 16.00MM,0
TWILL,21503,TB40189,Broca HSS DIN 338 TW104 X 16.25MM,0
TWILL,21504,TB40190,Broca HSS DIN 338 TW104 X 16.50MM,0
TWILL,21505,TB40191,Broca HSS DIN 338 TW104 X 16.75MM,0
TWILL,21506,TB40192,Broca HSS DIN 338 TW104 X 17.00MM,0
TWILL,21507,TB40193,Broca HSS DIN 338 TW104 X 17.25MM,0
TWILL,21508,TB40194,Broca HSS DIN 338 TW104 X 17.50MM,0
TWILL,21509,TB40195,Broca HSS DIN 338 TW104 X 17.75MM,0
TWILL,21510,TB40196,Broca HSS DIN 338 TW104 X 18.00MM,0
TWILL,21511,TB40197,Broca HSS DIN 338 TW104 X 18.25MM,0
TWILL,21512,TB40198,Broca HSS DIN 338 TW104 X 18.50MM,0
TWILL,21513,TB40199,Broca HSS DIN 338 TW104 X 18.75MM,0
TWILL,21514,TB40200,Broca HSS DIN 338 TW104 X 19.00MM,0
TWILL,21515,TB40201,Broca HSS DIN 338 TW104 X 19.25MM,0
TWILL,21516,TB40202,Broca HSS DIN 338 TW104 X 19.50MM,0
TWILL,21517,TB40203,Broca HSS DIN 338 TW104 X 19.75MM,0
TWILL,21518,TB40204,Broca HSS DIN 338 TW104 X 20.00MM,0
BLU-MOL,22600,509,9/16 14.29,0
BLU-MOL,22601,510,5/8 15.88,0
BLU-MOL,22602,511,11/16 17.46,0
BLU-MOL,22603,512,3/4 19.05,0
BLU-MOL,22604,M513,20 mm 20 mm,0
BLU-MOL,22605,513,13/16 20.64,0
BLU-MOL,22606,514,7/8 22.22,0
BLU-MOL,22607,515,15/16 23.81,0
BLU-MOL,22608,516,1 25.40,0
BLU-MOL,22609,517,"1,1/16 26.99",0
BLU-MOL,22610,518,"1,1/8 28.57",0
BLU-MOL,22611,519,"1,3/16 30.16",0
BLU-MOL,22612,520,"1,1/4 31.75",0
BLU-MOL,22613,521,"1,5/16 33.33",0
BLU-MOL,22614,522,"1,3/8 34.92",0
BLU-MOL,22615,523,"1,7/16 36.51",0
BLU-MOL,22616,524,"1,1/2 38.10",0
BLU-MOL,22617,525,"1,9/16 39.68",0
BLU-MOL,22618,526,"1,5/8 41.27",0
BLU-MOL,22619,527,"1,11/16 42.86",0
BLU-MOL,22620,528,"1,3/4 44.45",0
BLU-MOL,22621,M528,45 mm 45 mm,0
BLU-MOL,22622,529,"1,13/16 46,03",0
BLU-MOL,22623,530,"1,7/8 47.62",0
BLU-MOL,22624,M532,50 mm 50 mm,0
BLU-MOL,22625,532,2 50.80,0
BLU-MOL,22626,533,"2,1/16 52.39",0
BLU-MOL,22627,534,"2,1/8 53.98",0
BLU-MOL,22628,M534,55 mm 55 mm,0
BLU-MOL,22629,536,"2,1/4 57.15",0
BLU-MOL,22630,537,"2,5/16 58.73",0
BLU-MOL,22631,538,"2,3/8 60.32",0
BLU-MOL,22632,540,"2,1/2 63.50",0
BLU-MOL,22633,541,"2,9/16 65.08",0
BLU-MOL,22634,542,"2,5/8 66.67",0
BLU-MOL,22635,M542,68 mm 68 mm,0
BLU-MOL,22636,544,"2,3/4 69.85",0
BLU-MOL,22637,546,"2,7/8 73.02",0
BLU-MOL,22638,M548,75 mm 75 mm,0
BLU-MOL,22639,548,3 76.20,0
BLU-MOL,22640,550,"3,1/8 79.37",0
BLU-MOL,22641,552,"3,1/4 82.55",0
BLU-MOL,22642,554,"3,3/8 85.72",0
BLU-MOL,22643,556,"3,1/2 88.90",0
BLU-MOL,22644,558,"3,5/8 92.07",0
BLU-MOL,22645,560,"3,3/4 95.25",0
BLU-MOL,22646,562,"3,7/8 98.42",0
BLU-MOL,22647,564,4 101.60,0
BLU-MOL,22648,M564,100 mm 100 mm,0
BLU-MOL,22649,566,"4,1/8 104.77",0
BLU-MOL,22650,568,"4,1/4 107.95",0
BLU-MOL,22651,570,"4,3/8 111.12",0
BLU-MOL,22652,572,"4,1/2 114.30",0
BLU-MOL,22653,576,"4,3/4 120.65",0
BLU-MOL,22654,580,"5 127,00",0
BLU-MOL,22655,588,"5,1/2 139.70",0
BLU-MOL,22656,592,"5,3/4 146.05",0
BLU-MOL,22657,596,6 152.40,0
BLU-MOL,22665,9593,JUEGOS JUEGOS,0
BLU-MOL,22667,9595,JUEGOS JUEGOS,0
BLU-MOL,22668,9596,JUEGOS JUEGOS,0
BLU-MOL,22669,9599,JUEGOS JUEGOS,0
BLU-MOL,22750,3140,"16 16,00",0
BLU-MOL,22751,3141,"17 17,00",0
BLU-MOL,22752,3142,"19 19,00",0
BLU-MOL,22753,3205,"20 20,00",0
BLU-MOL,22754,3143,"21 21,00",0
BLU-MOL,22755,3144,"22 22,00",0
BLU-MOL,22756,3145,"24 24,00",0
BLU-MOL,22757,3146,"25 25,00",0
BLU-MOL,22758,3147,"27 27,00",0
BLU-MOL,22759,3148,"29 29,00",0
BLU-MOL,22760,3149,"30 30,00",0
BLU-MOL,22761,3150,"32 32,00",0
BLU-MOL,22762,3151,"33 33,00",0
BLU-MOL,22763,3152,"35 35,00",0
BLU-MOL,22764,3153,"37 37,00",0
BLU-MOL,22765,3154,"38 38,00",0
BLU-MOL,22766,3155,"40 40,00",0
BLU-MOL,22767,3156,"41 41,00",0
BLU-MOL,22768,3157,"43 43,00",0
BLU-MOL,22769,3158,"44 44,00",0
BLU-MOL,22770,3159,"46 46,00",0
BLU-MOL,22771,3160,"48 48,00",0
BLU-MOL,22772,3161,"49 49,00",0
BLU-MOL,22773,3162,"51 51,00",0
BLU-MOL,22774,3163,PILOT PILOT,0
BLU-MOL,22699,6918,"SIER.COp/CHAPA5/8""BLU-MOL-6918",0
BLU-MOL,22700,6919,"SIER.COp/CHAPA3/4""BLU-MOL6919",0
BLU-MOL,22701,6920,"SIER.COp/CHAPA25/32""BLU-MOL6920",0
BLU-MOL,22702,6921,"SIERR.COp/CHAPA7/8""BLU-MOL6921",0
BLU-MOL,22703,6922,"SIERRA.COp/CHAPA1""BLU-MOL-6922",0
BLU-MOL,22704,6923,SIER.COp/CHAPA1.1/16BLU-MOL6923,0
BLU-MOL,22705,6924,"SIER.COp/CHAPA1.1/8""BLU-MOL6924",0
BLU-MOL,22706,6925,"SIER.COp/CHAPA1.3/16""BLU-MOL6925",0
BLU-MOL,22707,6926,"SIER.COp/CHAPA1.1/4""BLU-MOL6926",0
BLU-MOL,22708,6927,"SIER.COp/CHAPA1.3/8""BLU-MOL6927",0
BLU-MOL,22709,6928,"SIER.COp/CHAPA1.1/2""BLU-MOL6928",0
BLU-MOL,22678,G012,19mm,0
BLU-MOL,22679,G014,22mm,0
BLU-MOL,22680,G016,25mm,0
BLU-MOL,22681,G018,29mm,0
BLU-MOL,22682,G020,32mm,0
BLU-MOL,22683,G022,35mm,0
BLU-MOL,22684,G024,38mm,0
BLU-MOL,22685,G028,44mm,0
BLU-MOL,22686,G030,48mm,0
BLU-MOL,22687,G032,51mm,0
BLU-MOL,22688,G034,54mm,0
BLU-MOL,22689,G036,57mm,0
BLU-MOL,22690,G038,60mm,0
BLU-MOL,22691,G040,64mm,0
BLU-MOL,22692,G044,70mm,0
BLU-MOL,22693,G048,76mm,0
BLU-MOL,22694,G052,83mm,0
BLU-MOL,22695,G054,86mm,0
BLU-MOL,22696,G060,95mm,0
BLU-MOL,22697,G064,102mm,0
BLU-MOL,22698,G072,114mm,0
BLU-MOL,22710,5514,1/4 red.,0
BLU-MOL,22713,5519,3/8 exag.,0
BLU-MOL,22717,5545,7/16 exag.,0
BLU-MOL,22718,5546,3/8 exag. QC,0
BLU-MOL,22720,5573,5/8 exag. QC,0
BLU-MOL,22735,8534,"1/4 - 3,1/4",0
BLU-MOL,22736,8535,"1/4 - 4,1/4",0
BLU-MOL,22737,8535P,"1/4 - 4,1/4",0
BLU-MOL,22732,5506,Placa d/apoyo,0
BLU-MOL,22739,8537CT,Mecha corta,0
BLU-MOL,22740,8538CT,Mecha larga,0
EKLIND,23500,13222,"Combo Pack, 13213 & 13609 13222",0
EKLIND,23504,10222,"Combo Pack, 10213 & 10609 10222",0
EKLIND,23505,10122,"Combo Pack, 10113 & 10509 10122",0
EKLIND,23508,25016,"2 Pack - 25911,25171 25016",0
EKLIND,23509,25024,"3 Pack-25911,25171,25581 25024",0
EKLIND,23520,25911,"9pc. 5/64""-1/4"" Hex Keys 25911",0
EKLIND,23523,25171,7pc. 1.5MM-6MM Hex Keys 25171,0
EKLIND,23525,25181,8pc. 2mm-8mm Hex Keys 25181,0
EKLIND,23530,25581,8pc. T8-T40 Torx® Keys 25581,0
EKLIND,23532,25570,7Pc. TR Torx® T10 - T40 25570,0
EKLIND,23540,20511,"#51 3/16""-3/8"" Hex Keys 20511",0
EKLIND,23543,20911,"#91 5/64""-1/4"" Hex Keys 20911",0
EKLIND,23544,20912,"#91S .050""-3/16"" Hex Keys 20912",0
EKLIND,23547,21151,#M15 3MM-10MM Hex Keys 3 a 10 mm 21151,0
EKLIND,23548,21171,#M17 1.5MM-6MM Hex Keys 21171,0
EKLIND,23549,21172,#M27 2MM-8MM Hex Keys 21172,0
EKLIND,23550,22571,T10-T40 Torx® Key Set 22571,0
EKLIND,23551,22572,T6-T20 Torx® Key Set 22572,0
EKLIND,23559,13211,"11pc. Set .050""-1/4"",Long 13211",0
EKLIND,23561,13213,"13pc. Set .050""-3/8"", PULGADA PUNTA BOLA 13213",0
EKLIND,23563,13607,"7pc. Set 1.5MM-6MM,Long 13607",0
EKLIND,23564,13609,"9pc. Set 1.5MM-10MM, METRICO PUNTA BOLA 13609",0
EKLIND,23565,10007,7 PC Ball  Torx® set in holder 10007,0
EKLIND,23570,10113,"13pc. .050""-3/8"",Short 10113",0
EKLIND,23574,10213,"13pc. .050""-3/8"",Long 10213",0
EKLIND,23576,10509,"9pc. 1.5MM-10MM,Short 10509",0
EKLIND,23578,10609,"9pc. 1.5MM-10MM,Long 10609",0
EKLIND,23579,10807,7pc. Torx® T10-T40/Short 10807,0
EKLIND,23581,10707,7 Pc TR Torx® Set in holder 10707,0
EKLIND,23584,,"15pc Metal Box/Inch,Short 10115",0
EKLIND,23585,10118,"18pc Metal Box/Inch,Short 10118",0
EKLIND,23590,10512,"12pc. Metal Box/MM,Short 10512",0
EKLIND,23591,10515,"15pc. Metal Box/MM,Short 10515",0
EKLIND,23595,10890,10pc. Torx® T8-T50/Short 10890,0
EKLIND,23596,10984,14pc MetalBox T6-T55/SA 10984,0
EKLIND,23612,60611,"11pc. Inch w/Pouch 6"" Arm 60611",0
EKLIND,23610,60811,"11pc. Ball-Hex/Inch 9""Arm 60811",0
EKLIND,23616,64611,"10pc. MM w/Stand 6"" Arm 64611",0
EKLIND,23619,64808,"8pc. MM/Ball-Hex 9"" Arm 64808",0
EKLIND,23621,64608,"8pc. MM w/Pouch 6"" Arm 64608",0
EKLIND,23625,68691,"11pc. Torx® w/Pouch 6"" Arm 68691",0
EKLIND,23640,18203,".050""   Larga Punta Bola 18203",0
EKLIND,23641,18204,"1/16""   Larga Punta Bola 18204",0
EKLIND,23642,18205,"5/64""  Larga Punta Bola 18205",0
EKLIND,23643,18206,"3/32""  Larga Punta Bola 18206",0
EKLIND,23644,18207,"7/64""  Larga Punta Bola 18207",0
EKLIND,23645,18208,"1/8""     Larga Punta Bola 18208",0
EKLIND,23646,18209,"9/64""   Larga Punta Bola 18209",0
EKLIND,23647,18210,"5/32""  Larga Punta Bola 18210",0
EKLIND,23648,18212,"3/16""   Larga Punta Bola 18212",0
EKLIND,23649,18214,"7/32""  Larga Punta Bola 18214",0
EKLIND,23650,18216,"1/4""    Larga Punta Bola 18216",0
EKLIND,23651,18220,"5/16""  Larga Punta Bola 18220",0
EKLIND,23652,18224,"3/8""    Larga Punta Bola 18224",0
EKLIND,23653,18228,"7/16""   Larga Punta Bola 18228",0
EKLIND,23654,18232,"1/2""     Larga Punta Bola 18232",0
EKLIND,23655,18236,"9/16""  Larga Punta Bola 18236",0
EKLIND,23656,18240,"5/8""   Larga Punta Bola 18240",0
EKLIND,23657,18248,"3/4""   Larga Punta Bola 18248",0
EKLIND,23658,18256,"7/8""   Larga Punta Bola 18256",0
EKLIND,23659,18264,"1""        Larga Punta Bola 18264",0
EKLIND,23661,18603,1.5MM     Larga Punta Bola 18603,0
EKLIND,23662,18604,2MM       Larga Punta Bola 18604,0
EKLIND,23663,18605,2.5MM   Larga Punta Bola 18605,0
EKLIND,23664,18606,3MM      Larga Punta Bola 18606,0
EKLIND,23666,18608,4MM      Larga Punta Bola 18608,0
EKLIND,23668,18610,5MM      Larga Punta Bola 18610,0
EKLIND,23670,18612,6MM     Larga Punta Bola 18612,0
EKLIND,23671,18614,7MM     Larga Punta Bola 18614,0
EKLIND,23672,18616,8MM     Larga Punta Bola 18616,0
EKLIND,23673,18618,9MM     Larga Punta Bola 18618,0
EKLIND,23674,18620,10MM    Larga Punta Bola 18620,0
EKLIND,23676,18624,12MM    Larga Punta Bola 18624,0
EKLIND,23677,18628,14MM    Larga Punta Bola 18628,0
EKLIND,23678,18634,17MM    Larga Punta Bola 18634,0
EKLIND,23679,18638,19MM    Larga Punta Bola 18638,0
EKLIND,23680,18644,22MM   Larga Punta Bola 18644,0
EKLIND,23681,18648,24MM  Larga Punta Bola 18648,0
EKLIND,23700,15805,T5 Short Arm Torx® 15805,0
EKLIND,23701,15806,T6 Short Arm Torx® 15806,0
EKLIND,23702,15807,T7 Short Arm Torx® 15807,0
EKLIND,23703,15808,T8 Short Arm Torx® 15808,0
EKLIND,23704,15809,T9 Short Arm Torx® 15809,0
2086,23705,15810,T10 Short Arm Torx® 15810,0
EKLIND,23706,15815,T15 Short Arm Torx® 15815,0
EKLIND,23707,15820,T20 Short Arm Torx® 15820,0
EKLIND,23708,15825,T25 Short Arm Torx® 15825,0
EKLIND,23709,15827,T27 Short Arm Torx® 15827,0
EKLIND,23710,15830,T30 Short Arm Torx® 15830,0
EKLIND,23711,15840,T40 Short Arm Torx® 15840,0
EKLIND,23712,15845,T45 Short Arm Torx® 15845,0
EKLIND,23713,15850,T50 Short Arm Torx® 15850,0
EKLIND,23714,15855,T55 Short Arm Torx® 15855,0
EKLIND,23715,15860,T60 Short Arm Torx® 15860,0
EKLIND,23734,15706,TR Torx® T6 15706,0
EKLIND,23735,15707,TR Torx® T7 15707,0
EKLIND,23736,15708,TR Torx® T8 15708,0
EKLIND,23737,15709,TR Torx® T9 15709,0
EKLIND,23738,15710,TR Torx® T10 15710,0
EKLIND,23739,15715,TR Torx® T15 15715,0
EKLIND,23740,15720,TR Torx® T20 15720,0
EKLIND,23741,15725,TR Torx® T25 15725,0
EKLIND,23742,15727,TR Torx® T27 15727,0
EKLIND,23743,15730,TR Torx® T30 15730,0
EKLIND,23744,15740,TR Torx® T40 15740,0
EKLIND,23745,15745,TR Torx® T45 15745,0
EKLIND,23746,15750,TR Torx® T50 15750,0
EKLIND,23747,15755,TR Torx® T55 15755,0
EKLIND,23748,15760,TR Torx® T60 15760,0
EKLIND,23750,15101,".028"" Short 15101",0
EKLIND,23751,15102,".035"" Short 15102",0
EKLIND,23752,15103,".050"" Short 15103",0
EKLIND,23753,15104,"1/16"" Short 15104",0
EKLIND,23754,15105,"5/64"" Short 15105",0
EKLIND,23755,15106,"3/32"" Short 15106",0
EKLIND,23756,15107,"7/64"" Short 15107",0
EKLIND,23757,15108,"1/8"" Short 15108",0
EKLIND,23758,15109,"9/64"" Short 15109",0
EKLIND,23759,15110,"5/32"" Short 15110",0
EKLIND,23760,15112,"3/16"" Short 15112",0
EKLIND,23761,15114,"7/32"" Short 15114",0
EKLIND,23762,15116,"1/4"" Short 15116",0
EKLIND,23763,15120,"5/16"" Short 15120",0
EKLIND,23764,15124,"3/8"" Short 15124",0
EKLIND,23765,15128,"7/16"" Short 15128",0
EKLIND,23766,15132,"1/2"" Short 15132",0
EKLIND,23767,15136,"9/16"" Short 15136",0
EKLIND,23768,15140,"5/8"" Short 15140",0
EKLIND,23769,15148,"3/4"" Short Series 15148",0
EKLIND,23770,15156,"7/8"" Short Series 15156",0
EKLIND,23771,15164,"1"" Short Series 15164",0
EKLIND,23772,15166,"1-1/8"" Short Series 15166",0
EKLIND,23780,15168,"1-1/4"" Short Series 15168",0
EKLIND,23781,15172,"1-1/2"" Short Series 15172",0
EKLIND,23782,15176,"1-3/4"" Short Series 15176",0
EKLIND,23783,15180,"2"" Short Series 15180",0
EKLIND,23800,15201,".028"" Long 15201",0
EKLIND,23801,15202,".035"" Long 15202",0
EKLIND,23802,15203,".050"" Long 15203",0
EKLIND,23803,15204,"1/16"" Long 15204",0
EKLIND,23804,15205,"5/64"" Long 15205",0
EKLIND,23805,15206,"3/32"" Long 15206",0
EKLIND,23806,15207,"7/64"" Long 15207",0
EKLIND,23807,15208,"1/8"" Long 15208",0
EKLIND,23808,15209,"9/64"" Long 15209",0
EKLIND,23809,15210,"5/32"" Long 15210",0
EKLIND,23810,15212,"3/16"" Long 15212",0
EKLIND,23811,15214,"7/32"" Long 15214",0
EKLIND,23812,15216,"1/4"" Long 15216",0
EKLIND,23813,15220,"5/16"" Long 15220",0
EKLIND,23814,15224,"3/8"" Long 15224",0
EKLIND,23815,15228,"7/16"" Long 15228",0
EKLIND,23816,15232,"1/2"" Long 15232",0
EKLIND,23817,15236,"9/16"" Long 15236",0
EKLIND,23818,15240,"5/8"" Long 15240",0
EKLIND,23819,15248,"3/4"" Long Series 15248",0
EKLIND,23820,15256,"7/8"" Long Series 15256",0
EKLIND,23821,15264,"1"" Long Series 15264",0
EKLIND,23822,15266,"1-1/8"" Long Series 15266",0
EKLIND,23825,15268,"1-1/4"" Long Series 15268",0
EKLIND,23826,15272,"1-1/2"" Long Series 15272",0
EKLIND,23827,15276,"1-3/4"" Long Series 15276",0
EKLIND,23828,15280,"2"" Long Series 15280",0
EKLIND,23845,15500,.7MM Short L-Key 15500,0
EKLIND,23846,15501,.9MM Short L-Key 15501,0
EKLIND,23847,15502,1.3MM Short L-Key 15502,0
EKLIND,23848,15503,1.5MM Short L-Key 15503,0
EKLIND,23849,15504,2MM Short 15504,0
EKLIND,23850,15505,2.5MM Short 15505,0
EKLIND,23851,15506,3MM Short 15506,0
EKLIND,23852,15507,3.5MM Short L-Key 15507,0
EKLIND,23853,15508,4MM Short L-Key 15508,0
EKLIND,23854,15509,4.5MM Short L-Key 15509,0
EKLIND,23855,15510,5MM Short L-Key 15510,0
EKLIND,23856,15511,5.5MM Short L-Key 15511,0
EKLIND,23857,15512,6MM Short 15512,0
EKLIND,23858,15514,7MM Short 15514,0
EKLIND,23859,15516,8MM Short 15516,0
EKLIND,23860,15518,9MM Short 15518,0
EKLIND,23861,15520,10MM Short 15520,0
EKLIND,23862,15522,11MM Short 15522,0
EKLIND,23863,15524,12MM Short 15524,0
EKLIND,23864,15528,14MM Short 15528,0
EKLIND,23865,15534,17.0MM Short Series 15534,0
EKLIND,23866,15538,19.0mm Short Series 15538,0
EKLIND,23867,15544,22.0mm Short Series 15544,0
EKLIND,23868,15548,24.0mm Short Series 15548,0
EKLIND,23869,15551,27.0mm Short Series 15551,0
EKLIND,23874,15556,32.0mm Short Series 15556,0
EKLIND,23875,15560,36.0mm Short Series 15560,0
EKLIND,23880,15600,.7MM Long 15600,0
EKLIND,23881,15601,.9MM Long 15601,0
EKLIND,23882,15602,1.3MM Long 15602,0
EKLIND,23883,15603,1.5MM Long 15603,0
EKLIND,23884,15604,2MM Long 15604,0
EKLIND,23885,15605,2.5MM Long 15605,0
EKLIND,23886,15606,3MM Long 15606,0
EKLIND,23887,15607,3.5MM Long L-Key 15607,0
EKLIND,23888,15608,4MM Long 15608,0
EKLIND,23889,15609,4.5MM Long 15609,0
EKLIND,23890,15610,5MM Long 15610,0
EKLIND,23891,15611,5.5MM Long 15611,0
EKLIND,23892,15612,6MM Long 15612,0
EKLIND,23893,15614,7MM Long 15614,0
EKLIND,23894,15616,8MM Long 15616,0
EKLIND,23895,15618,9MM Long 15618,0
EKLIND,23896,15620,10MM Long 15620,0
EKLIND,23897,15622,11MM Long 15622,0
EKLIND,23898,15624,12MM Long 15624,0
EKLIND,23899,15628,14MM Long 15628,0
EKLIND,23900,15634,17.0mm Long Series 15634,0
EKLIND,23901,15638,19.0mm Long Series 15638,0
EKLIND,23902,15644,22.0mm Long Series 15644,0
EKLIND,23903,15648,24.0mm Long Series 15648,0
EKLIND,23904,15651,27.0mm Long Series 15651,0
EKLIND,23910,15656,32.0mm Long Series 15656,0
EKLIND,23911,15660,36.0mm Long Series 15660,0
EKLIND,23915,68606,"T6 x 6"" Arm Torx® Key 68606",0
EKLIND,23916,68607,"T7 x 6"" Arm Torx® Key 68607",0
EKLIND,23917,68608,"T8 x 6"" Arm Torx® Key 68608",0
EKLIND,23918,68609,"T9 x 6"" Arm Torx® Key 68609",0
EKLIND,23919,68610,"T10 x 6"" Arm Torx® Key 68610",0
EKLIND,23920,68615,"T15 x 6"" Arm Torx® Key 68615",0
EKLIND,23921,68620,"T20 x 6"" Arm Torx® Key 68620",0
EKLIND,23922,68625,"T25 x 6"" Arm Torx® Key 68625",0
EKLIND,23923,68627,"T27 x 6"" Arm Torx® Key 68627",0
EKLIND,23924,68630,"T30 x 6"" Arm Torx® Key 68630",0
EKLIND,23925,68640,"T40 x 6"" Arm Torx® Key 68640",0
EKLIND,23926,68645,"T45 x 6"" Arm Torx® Key 68645",0
EKLIND,23927,68650,"T50 x 6"" Arm Torx® Key 68650",0
EKLIND,23940,64820,"2.0mm x 9"" Arm Ball-Hex 64820",0
EKLIND,23941,64825,"2.5mm x 9"" Arm Ball-Hex 64825",0
EKLIND,23942,64830,"3.0mm x 9"" Arm Ball-Hex 64830",0
EKLIND,23943,64840,"4.0mm x 9"" Arm Ball-Hex 64840",0
EKLIND,23944,64850,"5.0mm x 9"" Arm Ball-Hex 64850",0
EKLIND,23945,64860,"6.0mm x 9"" Arm Ball-Hex 64860",0
EKLIND,23946,64870,"7.0mm x 9"" Arm Ball-Hex 64870",0
EKLIND,23947,64880,"8.0mm x 9"" Arm Ball-Hex 64880",0
EKLIND,23948,64885,"9.0mm x 9"" Arm Ball-Hex 64885",0
EKLIND,23949,64890,"10.0mm x 9"" Arm Ball-Hex 64890",0
EKLIND,23955,61605,"5/64"" x 6"" Arm 61605",0
EKLIND,23956,61606,"3/32"" x 6"" Arm 61606",0
EKLIND,23957,61607,"7/64"" x 6"" Arm 61607",0
EKLIND,23958,61608,"1/8"" x 6"" Arm 61608",0
EKLIND,23959,61609,"9/64"" x 6"" Arm 61609",0
EKLIND,23960,61610,"5/32"" x 6"" Arm 61610",0
EKLIND,23961,61612,"3/16"" x 6"" Arm 61612",0
EKLIND,23962,61614,"7/32"" x 6"" Arm 61614",0
EKLIND,23963,61616,"1/4"" x 6"" Arm 61616",0
EKLIND,23964,61620,"5/16"" x 6"" Arm 61620",0
EKLIND,23965,61624,"3/8"" x 6"" Arm 61624",0
EKLIND,23980,64620,"2.0mm x 6"" Arm 64620",0
EKLIND,23981,64625,"2.5mm x 6"" Arm 64625",0
EKLIND,23982,64630,"3.0mm x 6"" Arm 64630",0
EKLIND,23983,64640,"4.0mm x 6"" Arm 64640",0
EKLIND,23984,64650,"5.0mm x 6"" Arm 64650",0
EKLIND,23985,64660,"6.0mm x 6"" Arm 64660",0
EKLIND,23986,64670,"7.0mm x 6"" Arm 64670",0
EKLIND,23987,64680,"8.0mm x 6"" Arm 64680",0
EKLIND,23988,64685,"9.0mm x 6"" Arm 64685",0
EKLIND,23989,64690,"10.0mm x 6"" Arm 64690",0
EKLIND,23990,92008,"Dest.Perillero 0,8mm 92008",0
EKLIND,23991,92010,"Dest.Perillero 1,0mm 92010",0
EKLIND,23992,92012,"Dest.Perillero 1,2mm 92012",0
EKLIND,23993,92015,"Dest.Perillero 1,5mm 92015",0
EKLIND,23994,92018,"Dest.Perillero 1,8mm 92018",0
EKLIND,23995,92020,"Dest.Perillero 2,0mm 92020",0
EKLIND,23996,92025,"Dest.Perillero 2,5mm 92025",0
EKLIND,23997,92030,"Dest.Perillero 3,0mm 92030",0
EKLIND,23998,92035,"Dest.Perillero 3,5mm 92035",0
EKLIND,23999,92040,"Dest.Perillero 4,0mm 92040",0
EKLIND,24000,92108,Dest.Perill.Phillips 000 92108,0
EKLIND,24001,92109,Dest.Perill.Phillips 00 92109,0
EKLIND,24002,92110,Dest.Perill.Phillips 0 92110,0
EKLIND,24003,92111,Dest.Perill.Phillips 1 92111,0
EKLIND,24021,92415,"Dest.Hexagonal 1,5mm 92415",0
EKLIND,24022,92420,"Dest.Hexagonal 2,0mm 92420",0
EKLIND,24023,92425,"Dest.Hexagonal 2,5mm 92425",0
EKLIND,24024,92430,"Dest.Hexagonal 3,0mm 92430",0
EKLIND,24025,92440,"Dest.Hexagonal 4,0mm 92440",0
EKLIND,24033,92615,"Dest.Hexag.Bola 1,5mm 92615",0
EKLIND,24034,92620,"Dest.Hexag.Bola 2,0mm 92620",0
EKLIND,24035,92625,"Dest.Hexag.Bola 2,5mm 92625",0
EKLIND,24036,92630,"Dest.Hexag.Bola 3,0mm 92630",0
EKLIND,24037,92640,"Dest.Hexag.Bola 4,0mm 92640",0
EKLIND,24004,92203,Dest.Perillero Torx T3 92203,0
EKLIND,24005,92204,Dest.Perillero Torx T4 92204,0
EKLIND,24006,92205,Dest.Perillero Torx T5 92205,0
EKLIND,24007,92206,Dest.Perillero Torx T6 92206,0
EKLIND,24008,92207,Dest.Perillero Torx T7 92207,0
EKLIND,24009,92208,Dest.Perillero Torx T8 92208,0
EKLIND,24010,92209,Dest.Perillero Torx T9 92209,0
EKLIND,24011,92210,Dest.Perillero Torx T10 92210,0
EKLIND,24012,92215,Dest.Perillero Torx T15 92215,0
EKLIND,24013,92220,Dest.Perillero Torx T20 92220,0
EKLIND,24014,92304,Dest.Hexagonal 1/16 92304,0
EKLIND,24015,92305,Dest.Hexagonal 5/64 92305,0
EKLIND,24016,92306,Dest.Hexagonal 3/32 92306,0
EKLIND,24017,92307,Dest.Hexagonal 7/64 92307,0
EKLIND,24018,92308,Dest.Hexagonal 1/8 92308,0
EKLIND,24019,92309,Dest.Hexagonal 9/64 92309,0
EKLIND,24020,92310,Dest.Hexagonal 5/32 92310,0
EKLIND,24026,92504,Dest.Hexag.Bola 1/16 92504,0
EKLIND,24027,92505,Dest.Hexag.Bola 5/64 92505,0
EKLIND,24028,92506,Dest.Hexag.Bola 3/32 92506,0
EKLIND,24029,92507,Dest.Hexag.Bola 7/64 92507,0
EKLIND,24030,92508,Dest.Hexag.Bola 1/8 92508,0
EKLIND,24031,92509,Dest.Hexag.Bola 9/64 92509,0
EKLIND,24032,92510,Dest.Hexag.Bola 5/32 92510,0
IRWIN,21103,IW879,Broca Concreto Widia Estandar 3.00,0
IRWIN,21105,IW881,Broca Concreto Widia Estandar 4.00,0
IRWIN,21106,IW882,Broca Concreto Widia Estandar 5.00,0
IRWIN,21108,IW884,Broca Concreto Widia Estandar 6.00,0
IRWIN,21110,IW886,Broca Concreto Widia Estandar 7.00,0
IRWIN,21111,IW887,Broca Concreto Widia Estandar 8.00,0
IRWIN,21114,IW890,Broca Concreto Widia Estandar 10.00,0
IRWIN,21116,IW892,Broca Concreto Widia Estandar 12.00,0
IRWIN,21117,IW893,Broca Concreto Widia Estandar 13.00,0
IRWIN,21118,IW894,Broca Concreto Widia Estandar 14.00,0
IRWIN,21119,IW895,Broca Concreto Widia Estandar 16.00,0
IRWIN,21120,IW896,Broca Concreto Widia Estandar 19.00,0
IRWIN,21121,IW897,Broca Concreto Widia Estandar 22.00,0
IRWIN,21122,IW898,Broca Concreto Widia Estandar 25.00,0
IRWIN,21124,IW923,IW923 6 mm,0
IRWIN,21126,IW925,IW925  8 mm,0
IRWIN,21128,IW927,IW927 10 mm,0
IRWIN,21130,IW929,IW929 12 mm,0
IRWIN,21132,IW931,IW931 14 mm,0
IRWIN,21134,IW949,6mm,0
IRWIN,21163,IW950,6.5 mm,0
IRWIN,21136,IW951,"8,0mm",0
IRWIN,21165,IW952,9.5 mm,0
IRWIN,21138,IW953,"10,0mm",0
IRWIN,21139,IW954,"12,0mm",0
IRWIN,21166,IW955,13.00 mm,0
IRWIN,21141,IW956,"14,0mm",0
IRWIN,21142,IW957,"16,0mm",0
IRWIN,21143,IW958,"19,0mm",0
IRWIN,21151,IW1851,Broca Madera 3 Puntas X 3 .00 mm,0
IRWIN,21152,IW1852,Broca Madera 3 Puntas X 4 .00 mm,0
IRWIN,21153,IW1853,Broca Madera 3 Puntas X 5 .00 mm,0
IRWIN,21154,IW1854,Broca Madera 3 Puntas X 6 .00 mm,0
IRWIN,21102,IW1855,Broca Madera 3 Puntas X 7 .00 mm,0
IRWIN,21156,IW1856,Broca Madera 3 Puntas X 8 .00 mm,0
IRWIN,21104,IW1857,Broca Madera 3 Puntas X 9 .00 mm,0
IRWIN,21158,IW1858,Broca Madera 3 Puntas X 1 0.0 mm,0
IRWIN,21107,IW1859,Broca Madera 3 Puntas X 1 1.0 mm,0
IRWIN,21160,IW1860,Broca Madera 3 Puntas X 1 2.0 mm,0
IRWIN,21109,IW1861,Broca Madera 3 Puntas X 1 3.0 mm,0
IRWIN,21162,IW1862,Broca Madera 3 Puntas X 1 4.0 mm,0
IRWIN,21164,IW1864,Broca Madera 3 Puntas X 1 6.0 mm,0
IRWIN,21002,IW13997,"Broca Paleta Blue Groove 1/4"" X 6"" (6.4 mm)",0
IRWIN,21003,IW13998,"Broca Paleta Blue Groove 5/16"" X 6"" (7.9 mm)",0
IRWIN,21004,IW13999,"Broca Paleta Blue Groove 3/8"" X 6"" (9.5 mm)",0
IRWIN,21005,IW14000,"Broca Paleta Blue Groove 7/16"" X 6"" (11.1 mm)",0
IRWIN,21006,IW14001,"Broca Paleta Blue Groove 1/2"" X 6"" (12.7 mm)",0
IRWIN,21007,IW14002,"Broca Paleta Blue Groove 9/16"" X 6"" (14.3 mm)",0
IRWIN,21008,IW14003,"Broca Paleta Blue Groove 5/8"" X 6"" (15.9 mm)",0
IRWIN,21056,IW14004,"Broca Paleta Blue Groove 11/16"" X 6"" (17.5 mm)",0
IRWIN,21009,IW14005,"Broca Paleta Blue Groove 3/4"" X 6"" (19.1 mm)",0
IRWIN,21001,IW14006,"Broca Paleta Blue Groove 13/16"" X 6"" (20.6 mm)",0
IRWIN,21010,IW14007,"Broca Paleta Blue Groove 7/8"" X 6"" (22.2 mm)",0
IRWIN,21011,IW14008,"Broca Paleta Blue Groove 15/16"" X 6"" (23.8 mm)",0
IRWIN,21012,IW14009,"Broca Paleta Blue Groove 1"" X 6""  (25.4 mm)",0
IRWIN,21013,IW14010,"Broca Paleta Blue Groove 1-1/8"" X 6"" (28.6 mm)",0
IRWIN,21014,IW14011,"Broca Paleta Blue Groove 1-1/4"" X 6"" (31.8 mm)",0
IRWIN,21027,IW14012,"Broca Paleta Blue Groove 1-3/8"" X 6"" (34.9 mm)",0
IRWIN,21015,IW14013,"Broca Paleta Blue Groove 1-1/2"" X 6"" (38.9 mm)",0
IRWIN,21016,IW14334,Broca Paleta P/ Bisagra 26 mm,0
IRWIN,21017,IW14335,Broca Paleta P/ Bisagra 35 mm,0
IRWIN,21018,IW365,"Broca P/ Madera Helicoidal 191 mm x 1/4""",0
IRWIN,21019,IW366,"Broca P/ Madera Helicoidal 191 mm x 5/16""",0
IRWIN,21020,IW367,"Broca P/ Madera Helicoidal 191 mm x 3/8""",0
IRWIN,21021,IW368,"Broca P/ Madera Helicoidal 191 mm x 7/16""",0
IRWIN,21022,IW369,"Broca P/ Madera Helicoidal 191 mm x 1/2""",0
IRWIN,21023,IW370,"Broca P/ Madera Helicoidal 191 mm x 9/16""",0
IRWIN,21024,IW371,"Broca P/ Madera Helicoidal 191 mm x 5/8""",0
IRWIN,21026,IW373,"Broca P/ Madera Helicoidal 191 mm x 3/4""",0
IRWIN,21028,IW375,"Broca P/ Madera Helicoidal 191 mm x 7/8""",0
IRWIN,21030,IW377,"Broca P/ Madera Helicoidal 191 mm x 1""",0
IRWIN,21032,IW394,"Broca P/ Madera Helicoidal 280 mm x 1/4""",0
IRWIN,21033,IW395,"Broca P/ Madera Helicoidal 280 mm x 5/16""",0
IRWIN,21034,IW396,"Broca P/ Madera Helicoidal 280 mm x 3/8""",0
IRWIN,21040,IW397,"Broca P/ Madera Helicoidal 280 mm x 7/16""",0
IRWIN,21035,IW398,"Broca P/ Madera Helicoidal 280 mm x 1/2""",0
IRWIN,21041,IW399,"Broca P/ Madera Helicoidal 280 mm x 9/16""",0
IRWIN,21036,IW400,"Broca P/ Madera Helicoidal 280 mm x 5/8""",0
IRWIN,21037,IW401,"Broca P/ Madera Helicoidal 280 mm x 3/4""",0
IRWIN,21038,IW402,"Broca P/ Madera Helicoidal 280 mm x 7/8""",0
IRWIN,21039,IW403,"Broca P/ Madera Helicoidal 280 mm x 1""",0
IRWIN,21042,IW414,Broca P/ Madera Helicoidal 400 mm x 1/4,0
IRWIN,21043,IW415,"Broca P/ Madera Helicoidal 400 mm x 5/16""",0
IRWIN,21044,IW416,"Broca P/ Madera Helicoidal 400 mm x 3/8""",0
IRWIN,21045,IW417,"Broca P/ Madera Helicoidal 400 mm x 7/16""",0
IRWIN,21046,IW418,"Broca P/ Madera Helicoidal 400 mm x 1/2""",0
IRWIN,21047,IW419,"Broca P/ Madera Helicoidal 400 mm x 9/16""",0
IRWIN,21048,IW420,"Broca P/ Madera Helicoidal 400 mm x 5/8""",0
IRWIN,21050,IW422,"Broca P/ Madera Helicoidal 400 mm x 3/4""",0
IRWIN,21052,IW424,"Broca P/ Madera Helicoidal 400 mm x 7/8""",0
IRWIN,21054,IW426,"Broca P/ Madera Helicoidal 400 mm x 1""",0
IRWIN,21064,IW329,"Broca P/ Berbiqui Tipo Mathieson 8"" X 1/4""",0
IRWIN,21065,IW330,"Broca P/ Berbiqui Tipo Mathieson 8"" X 5/16""",0
IRWIN,21066,IW331,"Broca P/ Berbiqui Tipo Mathieson 8"" X 3/8""",0
IRWIN,21067,IW332,"Broca P/ Berbiqui Tipo Mathieson 8"" X 7/16""",0
IRWIN,21068,IW333,"Broca P/ Berbiqui Tipo Mathieson 8"" X 1/2""",0
IRWIN,21069,IW334,"Broca P/ Berbiqui Tipo Mathieson 8"" X 9/16""",0
IRWIN,21070,IW335,"Broca P/ Berbiqui Tipo Mathieson 8"" X 5/8""",0
IRWIN,21072,IW337,"Broca P/ Berbiqui Tipo Mathieson 8"" X 3/4""",0
IRWIN,21073,IW338,"Broca P/ Berbiqui Tipo Mathieson 8"" X 7/8""",0
IRWIN,21074,IW339,"Broca P/ Berbiqui Tipo Mathieson 8"" X 1""",0
IRWIN,21075,IW344,"Broca P/ Berbiqui Tipo Mathieson  12"" X 1/4""",0
IRWIN,21076,IW345,"Broca P/ Berbiqui Tipo Mathieson  12"" X 5/16""",0
IRWIN,21077,IW346,"Broca P/ Berbiqui Tipo Mathieson  12"" X 3/8""",0
IRWIN,21078,IW347,"Broca P/ Berbiqui Tipo Mathieson  12"" X 7/16""",0
IRWIN,21079,IW348,"Broca P/ Berbiqui Tipo Mathieson  12"" X 1/2""",0
IRWIN,21081,IW350,"Broca P/ Berbiqui Tipo Mathieson  12"" X 5/8""",0
IRWIN,21083,IW352,"Broca P/ Berbiqui Tipo Mathieson  12"" X 3/4""",0
IRWIN,21084,IW353,"Broca P/ Berbiqui Tipo Mathieson  12"" X 7/8""",0
IRWIN,21085,IW354,"Broca P/ Berbiqui Tipo Mathieson  12"" X 1""",0
IRWIN,21092,000586,"2,0mm",0
IRWIN,21093,000587,"3,0mm",0
IRWIN,21094,000588,"4,0mm",0
IRWIN,21095,000589,"5,0mm",0
IRWIN,21096,000590,"6,0mm",0
IRWIN,21098,IW1694,"10"" Taladro Manual Berbiqui Con Cricket",0
IRWIN,21099,IW1697,"12"" Taladro Manual Berbiqui Sin Cricket",0
IRWIN,21029,IW662,"Broca P/ Madera Multiuso 12"" X 1/4""",0
IRWIN,21031,IW663,"Broca P/ Madera Multiuso 12"" X 5/16""",0
IRWIN,21058,IW664,"Broca P/ Madera Multiuso 12"" X 3/8""",0
IRWIN,21059,IW665,"Broca P/ Madera Multiuso 12"" X 7/16""",0
IRWIN,21060,IW666,"Broca P/ Madera Multiuso 12"" X 1/2""",0
IRWIN,21061,IW667,"Broca P/ Madera Multiuso 12"" X 9/16""",0
IRWIN,21062,IW668,"Broca P/ Madera Multiuso 12"" X 5/8""",0
IRWIN,21063,IW670,"Broca P/ Madera Multiuso 12"" X 3/4""",0
IRWIN,21091,IW671,"Broca P/ Madera Multiuso 12"" X 7/8""",0
BERZOMATIC,4066,TS3500,Pico /con encendido/Gas Propano,0
BERZOMATIC,4068,WT 2301,Pico /con encendido/Gas Propano,0
BERZOMATIC,4081,WT 2301 C,Pico /con encendido/Gas Propano Exterior,0
BERZOMATIC,4019,BUTANE 5.6OZ,Cilindro Gas Butano,0
BERZOMATIC,4003,TS4000,Soplete alto grado de calor/Map/Propano,0
BERZOMATIC,4007,TS99,Soplete de soldadura giratorio 360 grados,0
BERZOMATIC,4008,ST2200T,Soplete para detalles/Uso domestico,0
BERZOMATIC,4009,TS8000,Soplete alto grado de calor/Map/Propano,0
BERZOMATIC,4010,BZ8250HT,Soplete con manguera,0
BERZOMATIC,4036,TX406,Piedras d/Rpto,0
BERZOMATIC,4041,BZ4500HS,Soplete Termorreclactil gran superficies,0
BERZOMATIC,4069,JT680,Soplete para uso general,0
BERZOMATIC,4079,JT850C,Soplete para campamento alcance extendido,0
DANLY,700,S11.010.025,S11.010.025,0
DANLY,701,.032,.032,0
DANLY,702,.038,.038,0
DANLY,703,.044,.044,0
DANLY,704,.051,.051,0
DANLY,705,.064,.064,0
DANLY,706,.076,.076,0
DANLY,707,.305,.305,0
DANLY,710,S11.012.025,S11.012.025,0
DANLY,711,.032,.032,0
DANLY,712,.038,.038,0
DANLY,713,.044,.044,0
DANLY,714,.051,.051,0
DANLY,715,.064,.064,0
DANLY,716,.076,.076,0
DANLY,717,.089,.089,0
DANLY,718,.305,.305,0
DANLY,722,S11.016.025,S11.016.025,0
DANLY,723,.032,.032,0
DANLY,724,.038,.038,0
DANLY,725,.044,.044,0
DANLY,726,.051,.051,0
DANLY,727,.064,.064,0
DANLY,728,.076,.076,0
DANLY,729,.089,.089,0
DANLY,730,.102,.102,0
DANLY,731,.305,.305,0
DANLY,735,S11.020.025,S11.020.025,0
DANLY,736,.032,.032,0
DANLY,737,.038,.038,0
DANLY,738,.044,.044,0
DANLY,739,.051,.051,0
DANLY,740,.064,.064,0
DANLY,741,.076,.076,0
DANLY,742,S11.020.089,S11.020.089,0
DANLY,743,.102,.102,0
DANLY,744,.115,.115,0
DANLY,745,.127,.127,0
DANLY,746,.140,.140,0
DANLY,747,.152,.152,0
DANLY,748,.305,.305,0
DANLY,752,S11.025.025,S11.025.025,0
DANLY,753,.032,.032,0
DANLY,754,.038,.038,0
DANLY,755,.044,.044,0
DANLY,756,.051,.051,0
DANLY,757,.064,.064,0
DANLY,758,.076,.076,0
DANLY,759,.089,.089,0
DANLY,760,.102,.102,0
DANLY,761,.115,.115,0
DANLY,762,.127,.127,0
DANLY,763,.140,.140,0
DANLY,764,.152,.152,0
DANLY,765,.178,.178,0
DANLY,766,.203,.203,0
DANLY,767,.305,.305,0
DANLY,770,S11.032.038,S11.032.038,0
DANLY,771,.044,.044,0
DANLY,772,.051,.051,0
DANLY,773,.064,.064,0
DANLY,774,.076,.076,0
DANLY,775,.089,.089,0
DANLY,776,.102,.102,0
DANLY,777,.115,.115,0
DANLY,778,.127,.127,0
DANLY,779,.140,.140,0
DANLY,780,.152,.152,0
DANLY,781,.178,.178,0
DANLY,782,.203,.203,0
DANLY,783,.254,.254,0
DANLY,784,.305,.305,0
DANLY,790,S11.040.051,S11.040.051,0
DANLY,791,.064,.064,0
DANLY,792,.076,.076,0
DANLY,793,.086,.086,0
DANLY,794,.102,.102,0
DANLY,795,.115,.115,0
DANLY,796,.127,.127,0
DANLY,797,.140,.140,0
DANLY,798,.152,.152,0
DANLY,799,.178,.178,0
DANLY,800,.203,.203,0
DANLY,801,.254,.254,0
DANLY,802,.305,.305,0
DANLY,805,S11.050.064,S11.050.064,0
DANLY,806,.076,.076,0
DANLY,807,.089,.089,0
DANLY,808,.102,.102,0
DANLY,809,.115,.115,0
DANLY,810,.127,.127,0
DANLY,811,.140,.140,0
DANLY,812,.152,.152,0
DANLY,813,.178,.178,0
DANLY,814,.203,.203,0
DANLY,815,.254,.254,0
DANLY,816,.305,.305,0
DANLY,820,S11.063.076,S11.063.076,0
DANLY,821,.089,.089,0
DANLY,822,.102,.102,0
DANLY,823,.115,.115,0
DANLY,824,.127,.127,0
DANLY,825,.152,.152,0
DANLY,826,.178,.178,0
DANLY,827,.203,.203,0
DANLY,828,.254,.254,0
DANLY,829,.305,.305,0
DANLY,835,S21.010.025,S21.010.025,0
DANLY,836,.032,.032,0
DANLY,837,.038,.038,0
DANLY,838,.044,.044,0
DANLY,839,.051,.051,0
DANLY,840,.064,.064,0
DANLY,841,.076,.076,0
DANLY,842,.305,.305,0
DANLY,845,S21.012.025,S21.012.025,0
DANLY,846,.032,.032,0
DANLY,847,.038,.038,0
DANLY,848,.044,.044,0
DANLY,849,.051,.051,0
DANLY,850,.064,.064,0
DANLY,851,.076,.076,0
DANLY,852,.089,.089,0
DANLY,853,.305,.305,0
DANLY,860,S21.016.025,S21.016.025,0
DANLY,861,.032,.032,0
DANLY,862,.038,.038,0
DANLY,863,.044,.044,0
DANLY,864,.051,.051,0
DANLY,865,.064,.064,0
DANLY,866,.076,.076,0
DANLY,867,.089,.089,0
DANLY,868,.102,.102,0
DANLY,869,.305,.305,0
DANLY,875,S21.020.025,S21.020.025,0
DANLY,876,.032,.032,0
DANLY,877,.038,.038,0
DANLY,878,.044,.044,0
DANLY,879,.051,.051,0
DANLY,880,.064,.064,0
DANLY,881,.076,.076,0
DANLY,882,.089,.089,0
DANLY,883,.102,.102,0
DANLY,884,.115,.115,0
DANLY,885,S21.020.127,S21.020.127,0
DANLY,886,.140,.140,0
DANLY,887,.152,.152,0
DANLY,888,.305,.305,0
DANLY,895,S21.025.025,S21.025.025,0
DANLY,896,.032,.032,0
DANLY,897,.038,.038,0
DANLY,898,.044,.044,0
DANLY,899,.051,.051,0
DANLY,900,.064,.064,0
DANLY,901,.076,.076,0
DANLY,902,.089,.089,0
DANLY,903,.102,.102,0
DANLY,904,.115,.115,0
DANLY,905,.127,.127,0
DANLY,906,.140,.140,0
DANLY,907,.152,.152,0
DANLY,908,.178,.178,0
DANLY,909,.203,.203,0
DANLY,910,.305,.305,0
DANLY,915,S21.032.038,S21.032.038,0
DANLY,916,.044,.044,0
DANLY,917,.051,.051,0
DANLY,918,.064,.064,0
DANLY,919,.076,.076,0
DANLY,920,.089,.089,0
DANLY,921,.102,.102,0
DANLY,922,.115,.115,0
DANLY,923,.127,.127,0
DANLY,924,.140,.140,0
DANLY,925,.152,.152,0
DANLY,926,.178,.178,0
DANLY,927,.203,.203,0
DANLY,928,.254,.254,0
DANLY,929,.305,.305,0
DANLY,935,S21.040.051,S21.040.051,0
DANLY,936,.064,.064,0
DANLY,937,.076,.076,0
DANLY,938,.089,.089,0
DANLY,939,.102,.102,0
DANLY,940,.115,.115,0
DANLY,941,.127,.127,0
DANLY,942,.140,.140,0
DANLY,943,.152,.152,0
DANLY,944,.178,.178,0
DANLY,945,.203,.203,0
DANLY,946,.254,.254,0
DANLY,947,.305,.305,0
DANLY,955,S21.050.064,S21.050.064,0
DANLY,956,.076,.076,0
DANLY,957,.089,.089,0
DANLY,958,.102,.102,0
DANLY,959,.115,.115,0
DANLY,960,.127,.127,0
DANLY,961,.140,.140,0
DANLY,962,.152,.152,0
DANLY,963,.178,.178,0
DANLY,964,.203,.203,0
DANLY,965,.229,.229,0
DANLY,966,.254,.254,0
DANLY,967,.305,.305,0
DANLY,975,S21.063.076,S21.063.076,0
DANLY,976,.089,.089,0
DANLY,977,.102,.102,0
DANLY,978,.115,.115,0
DANLY,979,.127,.127,0
DANLY,980,.152,.152,0
DANLY,981,.178,.178,0
DANLY,982,.203,.203,0
DANLY,983,.229,.229,0
DANLY,984,.254,.254,0
DANLY,985,.305,.305,0
DANLY,990,S26.010.025,S26.010.025,0
DANLY,991,.032,.032,0
DANLY,992,.038,.038,0
DANLY,993,.044,.044,0
DANLY,994,.051,.051,0
DANLY,995,.064,.064,0
DANLY,996,.076,.076,0
DANLY,997,.305,.305,0
DANLY,1005,S26.012.025,S26.012.025,0
DANLY,1006,.032,.032,0
DANLY,1007,.038,.038,0
DANLY,1008,.044,.044,0
DANLY,1009,.051,.051,0
DANLY,1010,.064,.064,0
DANLY,1011,.076,.076,0
DANLY,1012,.089,.089,0
DANLY,1013,.305,.305,0
DANLY,1020,S26.016.025,S26.016.025,0
DANLY,1021,.032,.032,0
DANLY,1022,.038,.038,0
DANLY,1023,.044,.044,0
DANLY,1024,.051,.051,0
DANLY,1025,.064,.064,0
DANLY,1026,.076,.076,0
DANLY,1027,.089,.089,0
DANLY,1028,.102,.102,0
DANLY,1029,.305,.305,0
DANLY,1035,S26.020.025,S26.020.025,0
DANLY,1036,.032,.032,0
DANLY,1037,.038,.038,0
DANLY,1038,.044,.044,0
DANLY,1039,.051,.051,0
DANLY,1040,.064,.064,0
DANLY,1041,.076,.076,0
DANLY,1042,.089,.089,0
DANLY,1043,.102,.102,0
DANLY,1044,S26.020.115,S26.020.115,0
DANLY,1045,.127,.127,0
DANLY,1046,.140,.140,0
DANLY,1047,.152,.152,0
DANLY,1048,.305,.305,0
DANLY,1055,S26.025.032,S26.025.032,0
DANLY,1056,.038,.038,0
DANLY,1057,.044,.044,0
DANLY,1058,.051,.051,0
DANLY,1059,.064,.064,0
DANLY,1060,.076,.076,0
DANLY,1061,.089,.089,0
DANLY,1062,.102,.102,0
DANLY,1063,.115,.115,0
DANLY,1064,.127,.127,0
DANLY,1065,.140,.140,0
DANLY,1066,.152,.152,0
DANLY,1067,.178,.178,0
DANLY,1068,.203,.203,0
DANLY,1069,.305,.305,0
DANLY,1075,S26.032.038,S26.032.038,0
DANLY,1076,.044,.044,0
DANLY,1077,.051,.051,0
DANLY,1078,.064,.064,0
DANLY,1079,.076,.076,0
DANLY,1080,.089,.089,0
DANLY,1081,.102,.102,0
DANLY,1082,.115,.115,0
DANLY,1083,.127,.127,0
DANLY,1084,.140,.140,0
DANLY,1085,.152,.152,0
DANLY,1086,.178,.178,0
DANLY,1087,.203,.203,0
DANLY,1088,.254,.254,0
DANLY,1089,.305,.305,0
DANLY,1095,S26.040.051,S26.040.051,0
DANLY,1096,.064,.064,0
DANLY,1097,.076,.076,0
DANLY,1098,.089,.089,0
DANLY,1099,.102,.102,0
DANLY,1100,.115,.115,0
DANLY,1101,.127,.127,0
DANLY,1102,.140,.140,0
DANLY,1103,.152,.152,0
DANLY,1104,.178,.178,0
DANLY,1105,.203,.203,0
DANLY,1106,.254,.254,0
DANLY,1107,.305,.305,0
DANLY,1115,S26.050.064,S26.050.064,0
DANLY,1116,.076,.076,0
DANLY,1117,.089,.089,0
DANLY,1118,.102,.102,0
DANLY,1119,.115,.115,0
DANLY,1120,.127,.127,0
DANLY,1121,.140,.140,0
DANLY,1122,.152,.152,0
DANLY,1123,.178,.178,0
DANLY,1124,.203,.203,0
DANLY,1125,.254,.254,0
DANLY,1126,.305,.305,0
DANLY,1135,S36.010.025,S36.010.025,0
DANLY,1136,.032,.032,0
DANLY,1137,.038,.038,0
DANLY,1138,.044,.044,0
DANLY,1139,.051,.051,0
DANLY,1140,.064,.064,0
DANLY,1141,.076,.076,0
DANLY,1142,.305,.305,0
DANLY,1150,S36.012.025,S36.012.025,0
DANLY,1151,.032,.032,0
DANLY,1152,.038,.038,0
DANLY,1153,.044,.044,0
DANLY,1154,S36.012.051,S36.012.051,0
DANLY,1155,.064,.064,0
DANLY,1156,.076,.076,0
DANLY,1157,.089,.089,0
DANLY,1158,.305,.305,0
DANLY,1165,S36.016.025,S36.016.025,0
DANLY,1166,.032,.032,0
DANLY,1167,.038,.038,0
DANLY,1168,.044,.044,0
DANLY,1169,.051,.051,0
DANLY,1170,.064,.064,0
DANLY,1171,.076,.076,0
DANLY,1172,.089,.089,0
DANLY,1173,.102,.102,0
DANLY,1174,.305,.305,0
DANLY,1180,S36.020.025,S36.020.025,0
DANLY,1181,.032,.032,0
DANLY,1182,.038,.038,0
DANLY,1183,.044,.044,0
DANLY,1184,.051,.051,0
DANLY,1185,.064,.064,0
DANLY,1186,.076,.076,0
DANLY,1187,.089,.089,0
DANLY,1188,.102,.102,0
DANLY,1189,.115,.115,0
DANLY,1190,.127,.127,0
DANLY,1191,.140,.140,0
DANLY,1192,.152,.152,0
DANLY,1193,.305,.305,0
DANLY,1200,S36.025.032,S36.025.032,0
DANLY,1201,.038,.038,0
DANLY,1202,.044,.044,0
DANLY,1203,.051,.051,0
DANLY,1204,.064,.064,0
DANLY,1205,.076,.076,0
DANLY,1206,.089,.089,0
DANLY,1207,.102,.102,0
DANLY,1208,.115,.115,0
DANLY,1209,S36.025.127,S36.025.127,0
DANLY,1210,.140,.140,0
DANLY,1211,.152,.152,0
DANLY,1212,.178,.178,0
DANLY,1213,.203,.203,0
DANLY,1214,.305,.305,0
DANLY,1220,S36.032.038,S36.032.038,0
DANLY,1221,.044,.044,0
DANLY,1222,.051,.051,0
DANLY,1223,.064,.064,0
DANLY,1224,.076,.076,0
DANLY,1225,.089,.089,0
DANLY,1226,.102,.102,0
DANLY,1227,.115,.115,0
DANLY,1228,.127,.127,0
DANLY,1229,S36.032.140,S36.032.140,0
DANLY,1230,.152,.152,0
DANLY,1231,.178,.178,0
DANLY,1232,.203,.203,0
DANLY,1233,.254,.254,0
DANLY,1234,.305,.305,0
DANLY,1240,S36.040.051,S36.040.051,0
DANLY,1241,.064,.064,0
DANLY,1242,.076,.076,0
DANLY,1243,.089,.089,0
DANLY,1244,.102,.102,0
DANLY,1245,.115,.115,0
DANLY,1246,.127,.127,0
DANLY,1247,.140,.140,0
DANLY,1248,.152,.152,0
DANLY,1249,.178,.178,0
DANLY,1250,.203,.203,0
DANLY,1251,.254,.254,0
DANLY,1252,.305,.305,0
DANLY,1260,S36.050.064,S36.050.064,0
DANLY,1261,.076,.076,0
DANLY,1262,.089,.089,0
DANLY,1263,S36.050.102,S36.050.102,0
DANLY,1264,.115,.115,0
DANLY,1265,.127,.127,0
DANLY,1266,.140,.140,0
DANLY,1267,.152,.152,0
DANLY,1268,.178,.178,0
DANLY,1269,.203,.203,0
DANLY,1270,.254,.254,0
DANLY,1271,.305,.305,0
MENLO,2300,D810.04181,"1,00",0
MENLO,2305,D810.04186,"1,25",0
MENLO,2310,D810.04191,"1,50",0
MENLO,2315,D810.04196,"1,75",0
MENLO,2321,D810.04201,"2,00",0
MENLO,2326,D810.04206,"2,25",0
MENLO,2331,D810.04211,"2,50",0
MENLO,2334,D810.04214,"2,75",0
MENLO,2337,D810.04217,"3,00",0
MENLO,2340,D810.04220,"3,25",0
MENLO,2343,D810.04223,"3,50",0
MENLO,2346,D810.04226,"3,75",0
MENLO,2349,D810.04229,"4,00",0
MENLO,2352,D810.04232,"4,25",0
MENLO,2355,D810.04235,"4,50",0
MENLO,2358,D810.04238,"4,75",0
MENLO,2361,D810.04241,"5,00",0
MENLO,2364,D810.04244,"5,25",0
MENLO,2367,D810.04247,"5,50",0
MENLO,2370,D810.04250,"5,75",0
MENLO,2372,D810.04253,"6,00",0
MENLO,2375,D810.04256,"6,25",0
MENLO,2378,D810.04259,"6,50",0
MENLO,2381,D810.04262,"6,75",0
MENLO,2384,D810.04265,"7,00",0
MENLO,2387,D810.04268,"7,25",0
MENLO,2388,D810.04271,"7,50",0
MENLO,2389,D810.04274,"7,75",0
MENLO,2392,D810.04277,"8,00",0
MENLO,2395,D810.04280,"8,25",0
MENLO,2398,D810.04283,"8,50",0
MENLO,2285,D810.04286,"8,75",0
MENLO,2401,D810.04289,"9,00",0
MENLO,2404,D810.04292,"9,25",0
MENLO,2405,D810.04295,"9,50",0
MENLO,2408,D810.04298,"9,75",0
MENLO,2411,D810.04301,"10,00",0
MENLO,2414,D810.04304,"10,25",0
MENLO,2417,D810.04307,"10,50",0
MENLO,2420,D810.04310,"10,75",0
MENLO,2423,D810.04313,"11,00",0
MENLO,2426,D810.04316,"11,25",0
MENLO,2429,D810.04319,"11,50",0
MENLO,2432,D810.04322,"11,75",0
MENLO,2435,D810.04325,"12,00",0
MENLO,2436,D810.04328,"12,25",0
MENLO,2437,D810.04331,"12,50",0
MENLO,2438,D810.04332,"12,60",0
MENLO,2440,D810.04334,"13,00",0
MENLO,2441,D810.04335,"13,50",0
MENLO,2442,D810.04336,"14,00",0
MENLO,2443,D810.04337,"14,50",0
MENLO,2444,D810.04338,"15,00",0
MENLO,2445,D810.04339,"15,50",0
MENLO,2446,D810.04340,"16,00",0
MENLO,2447,D810.04341,"16,50",0
MENLO,2448,D810.04342,"17,00",0
MENLO,2449,D810.04343,"17,50",0
MENLO,2450,D810.04344,"18,00",0
MENLO,2451,D810.04345,"18,50",0
MENLO,2452,D810.04346,"19,00",0
MENLO,2453,D810.04347,"19,50",0
MENLO,2454,D810.04348,"20,00",0
MENLO,2460,C830.04811,"1,25",0
MENLO,2461,C830.04812,"1,60",0
MENLO,2462,C830.04813,"2,00",0
MENLO,2463,C830.04814,"2,50",0
MENLO,2464,C830.04815,"3,15",0
MENLO,2465,C830.04816,"4,00",0
MENLO,2466,C830.04817,"5,00",0
MENLO,2467,C830.04818,"6,30",0
MENLO,2500,R900 06350,"3,00",0
MENLO,2501,R900 06367,"4,00",0
MENLO,2502,R900 06387,"5,00",0
MENLO,2503,R900 06407,"6,00",0
MENLO,2504,R900 06415,"7,00",0
MENLO,2505,R900 06417,"8,00",0
MENLO,2506,R900 06419,"9,00",0
MENLO,2507,R900 06421,"10,00",0
MENLO,2508,R900 06423,"11,00",0
MENLO,2509,R900 06425,"12,00",0
MENLO,2984,M852.28001,"1,00",0
MENLO,2985,M800.02481,"1,50",0
MENLO,2986,M800.02482,"2,00",0
MENLO,2987,M800.02483,"2,50",0
MENLO,2988,M800.02484,"3,00",0
MENLO,2989,M800.02485,"3,50",0
MENLO,2990,M800.02486,"4,00",0
MENLO,2991,M800.34480,"4,50",0
MENLO,2992,M800.34481,"5,00",0
MENLO,2993,M800.02489,"6,00",0
MENLO,2994,M800.02479,"7,00",0
MENLO,2995,M800.02491,"8,00",0
MENLO,2996,M800.02480,"9,00",0
MENLO,2997,M800.02493,"10,00",0
MENLO,2998,.02494,"11,00",0
MENLO,2999,M800.02495,"12,00",0
MENLO,3000,M800.34443,"14,00",0
MENLO,3001,M800.02497,"16,00",0
MENLO,3002,M800.02498,"18,00",0
MENLO,3003,M800.02499,"20,00",0
MENLO,3004,M800.02500,"22,00",0
MENLO,3005,M800.02501,"25,00",0
MENLO,3009,M854.28003,"1,00",0
MENLO,3010,M850.02511,"1,50",0
MENLO,3011,M850.02512,"2,00",0
MENLO,3012,M850.02513,"2,50",0
MENLO,3013,M850.02514,"3,00",0
MENLO,3014,M850.02515,"3,50",0
MENLO,3015,M850.02516,"4,00",0
MENLO,3016,M85031478,"4,50",0
MENLO,3017,M85031479,"5,00",0
MENLO,3018,M850.02519,"6,00",0
MENLO,3019,M85002509,"7,00",0
MENLO,3020,M850.02521,"8,00",0
MENLO,3021,M850.02510,"9,00",0
MENLO,3022,M850.02523,"10,00",0
MENLO,3024,M850.02525,"12,00",0
MENLO,3025,M85034445,"14,00",0
MENLO,3026,M850.02527,"16,00",0
MENLO,3027,M850.02528,"18,00",0
MENLO,3028,M850.02529,"20,00",0
MENLO,3029,M850.02530,"22,00",0
MENLO,3030,M850.02531,"25,00",0
MENLO,2650,M257.34491,"8,00",0
MENLO,2651,M257.30086,"10,00",0
MENLO,2652,M257.30089,"12,00",0
MENLO,2653,M257.30092,"16,00",0
MENLO,2654,34498,"18,00",0
MENLO,2655,M257.30095,"20,00",0
MENLO,2656,34502,"25,00",0
MENLO,2939,M854R.28103,"1,00",0
MENLO,2940,M850R.02631,"1,50",0
MENLO,2941,M850R.02632,"2,00",0
MENLO,2942,M850R.02633,"2,50",0
MENLO,2943,M850R.02634,"3,00",0
MENLO,2944,M850R.02635,"3,50",0
MENLO,2945,M850R.02636,"4,00",0
MENLO,2946,M850R.32648,"4,50",0
MENLO,2947,M850R.32649,"5,00",0
MENLO,2948,M850R.02639,"6,00",0
MENLO,2949,M850R.02652,"7,00",0
MENLO,2950,M850R.02641,"8,00",0
MENLO,2951,M850R.02653,"9,00",0
MENLO,2952,M850R.02643,"10,00",0
MENLO,2953,.02644,"11,00",0
MENLO,2954,M850R.02645,"12,00",0
MENLO,2955,M850R.34567,"14,00",0
MENLO,2956,M850R.02647,"16,00",0
MENLO,2957,M850R.02648,"18,00",0
MENLO,2958,M850R.02649,"20,00",0
MENLO,2959,M850R.02650,"22,00",0
MENLO,2960,M850R.02651,"25,00",0
MENLO,3435,G100.80024,.3-75,0
MENLO,3437,G100.80027,.4-75,0
MENLO,3439,G100.80030,.5-76,0
MENLO,3441,G100.80033,.6-75,0
MENLO,3445,G100.80036,.8-75,0
MENLO,3447,G100.80049,.10-75,0
MENLO,3449,G100.80040,.12-75,0
MENLO,3418,G100.80025,.3-100,0
MENLO,3420,G100.80028,.4-100,0
MENLO,3422,G100.80031,.5-100,0
MENLO,3423,G100.80034,.6-100,0
MENLO,3425,G100.80037,.8-100,0
MENLO,3428,G100.80039,.10-100,0
MENLO,3430,G100.80041,.12-100,0
MENLO,3398,85112,"8,00",0
MENLO,3399,85113,"9,00",0
MENLO,,.02991,"1,5x3 - 6°",0
MENLO,2600,.02992,2x3 - 6°,0
MENLO,2602,.02997,4x6 - 6°,0
MENLO,2610,.03012,2x3 - 10°,0
MENLO,,.03015,2x6 - 10°,0
MENLO,2612,.03017,4x6 - 10°,0
MENLO,,.03031,"1,5x3 - 14°",0
MENLO,2620,.03032,2x3 - 14°,0
MENLO,,.03035,2x6 - 14°,0
MENLO,2622,.03037,4x6 - 14°,0
MENLO,,.03051,"1,5x3 - 20°",0
MENLO,2630,.03052,2x3 - 20°,0
MENLO,,.03055,2x6 - 20°,0
MENLO,2632,.03057,4x6 - 20°,0
MENLO,3040,30102-SA-41M,CP-1M,0
MENLO,3041,30112-SA-42M,"CP-1,5M",0
MENLO,3042,30122-SA-43M,CP-2(1)M,0
MENLO,3043,60132-SA-11M,CP-2M,0
MENLO,3044,60142-SA-14M,CP-3M,0
MENLO,3046,60162-SA-1M,CP-4M,0
MENLO,3049,60192-SA-2M,CP-5M,0
MENLO,3050,60202-SA-3M,CP-6M,0
MENLO,3052,60222-SA-5M,CP-8M,0
MENLO,3053,60232-SA-6M,CP-10M,0
MENLO,3055,60252-SA-7M,CP-12(2)M,0
MENLO,3056,60262-SA-9M,CP-16M,0
MENLO,3057,93102-SB-41M,CP-1MEC,0
MENLO,3058,93112-SB-42M,CP-1.5MEC,0
MENLO,3059,93122-SB-43M,CP-2(1)MEC,0
MENLO,3060,96132-SB-11M,CP-2MEC,0
MENLO,3061,96142-SB-14M,CP-3MEC,0
MENLO,3062,96162-SB-1M,CP-4MEC,0
MENLO,3063,96192-SB-2M,CP-5MEC,0
MENLO,3064,96202-SB-3M,CP-6MEC,0
MENLO,3066,96222-SB-5M,CP-8MEC,0
MENLO,3067,96232-SB-6M,CP-10MEC,0
MENLO,3068,96252-SB-7M,CP-12(2)MEC,0
MENLO,3069,96262-SB-9M,CP-16MEC,0
MENLO,3190,30272-SC-41M,"CR-1,5",0
MENLO,3191,30282-SC-42M,CR-2(1),0
MENLO,3192,60292-SC-11M,CR-2,0
MENLO,3193,60302-SC-14M,CR-3,0
MENLO,3195,B1825,CR-4,0
MENLO,3197,60342-SC-2M,CR-5,0
MENLO,3198,60352-SC-3M,CR-6,0
MENLO,3200,60372-SC-5M,CR-8,0
MENLO,3201,60382-SC-6M,CR-10,0
MENLO,3202,60392-SC-7M,CR-12,0
MENLO,3211,30412-SF-41M,TR-2(2),0
MENLO,3212,60422-SF-11M,TR-2,0
MENLO,3214,60442-SF-1M,TR-4,0
MENLO,3216,60462-SF-3M,TR-6,0
MENLO,3218,60482-SF-5M,TR-8(2),0
MENLO,3219,60492-SF-6M,TR-10,0
MENLO,3222,60512-SF-14M,TR-12(2),0
MENLO,3231,30542-SG-43M,TP-2(2),0
MENLO,3233,20172-SG-53M,TP-3(2),0
MENLO,3234,60572-SG-1M,TP-4,0
MENLO,3235,30582-SG-51M,TP-4(1),0
MENLO,3236,60592-SG-2M,TP-5,0
MENLO,3237,60602-SG-3M,TP-6,0
MENLO,3239,60622-SG-5M,TP-8(2),0
MENLO,3240,60632-SG-6M,TP-10,0
MENLO,3242,60652-SG-15M,TP-12(2),0
MENLO,3250,30662-SE-41M,OV-2(1),0
MENLO,3252,60682-SE-1M,OV-4,0
MENLO,3254,60702-SE-3M,OV-6,0
MENLO,3255,60712-SE-5M,OV-8,0
MENLO,3256,60722-SE-6M,OV-10,0
MENLO,3257,60732-SE-7M,OV-12,0
MENLO,3270,30742-SD-41M,"B-1,5",0
MENLO,3271,30752-SD-42M,B-2(1),0
MENLO,3273,60772-SD-14M,B-3,0
MENLO,3275,60792-SD-1M,B-4,0
MENLO,3277,60812-SD-2M,B-5,0
MENLO,3278,60822-SD-3M,B-6,0
MENLO,3279,76832-SD-4M,B-7,0
MENLO,3280,60832-SD-5M,B-8,0
MENLO,3281,60842-SD-6M,B-10,0
MENLO,3282,60852-SD-7M,B-12,0
MENLO,3283,60862-SD-9M,B-16,0
MENLO,3341,31142-SN-42M,IC-2(1),0
MENLO,3343,61162-SN-1M,IC-4,0
MENLO,3345,76182-SN-2M,IC-6,0
MENLO,3346,61182-SN-3M,IC-8,0
MENLO,3347,61192-SN-5M,IC-10,0
MENLO,3348,61202-SN-8M,IC-12,0
MENLO,3360,31022-SM-41M,CO-2(1),0
MENLO,3361,31032-SM-42M,CO-2(2),0
MENLO,3364,61062-SM-1M,CO-4(1),0
MENLO,3365,61072-SM-2M,CO-4(2),0
MENLO,3367,31092-SM-51M,CO-4(4),0
MENLO,3368,61102-SM-4M,CO-6,0
MENLO,3369,61112-SM-5M,CO-8,0
MENLO,3370,61122-SM-6M,CO-10,0
MENLO,3300,30872-SL-41M,T-2(1),0
MENLO,3301,30882-SL-42M,T-2(2),0
MENLO,3303,60902-SL-1M,T-4,0
MENLO,3304,60912-SL-2M,T-5,0
MENLO,3305,60922-SL-3M,T-6,0
MENLO,3306,60932-SL-4M,T-8,0
MENLO,3307,60942-SL-6M,T-10,0
MENLO,3308,60952-SL-7M,T-12,0
MENLO,3320,30962-SH-41M,F-2(1),0
MENLO,3322,76982-SH-1M,F-4,0
MENLO,3323,60982-SH-2M,F-5,0
MENLO,3324,60992-SH-5M,F-8,0
MENLO,3325,61002-SH-6M,F-10,0
MENLO,3326,61012-SH-7M,F-12,0
MENLO,3173,.01334-SJ-3,3/8X60°,0
MENLO,3174,.01335-SJ-5,1/2X60°,0
MENLO,3175,.01336-SJ-6,5/8X60°,0
MENLO,3176,.01337-SJ-7,3/4X60°,0
MENLO,3177,.01338-SJ-9,1X60°,0
MENLO,3113,.01354- SK-3,3/8X90°,0
MENLO,3114,.01355-SK-5,1/2X90°,0
MENLO,3115,.01356-SK-6,5/8X90°,0
MENLO,3116,.01357-SK-7,3/4X90°,0
MENLO,3117,.01358-SK-9,1X90°,0
MENLO,2190,7504,"10 x 1,6mm",0
MENLO,2191,7594,15 x 5mm,0
MENLO,2193,7592,19 x 6mm,0
MENLO,2200,7596,25 x6mm,0
MENLO,2201,7591,19 x10mm,0
MENLO,2202,7593,25 x 3mm,0
MENLO,2203,7590,25 x 6mm,0
MENLO,2204,7597,38 x 6mm,0
H.K.PORTER,4100,1490 AC,Mgo Alumin. 1.36k,0
H.K.PORTER,4101,0090 AC,Mgo Alumin. 2.04k,0
H.K.PORTER,4102,0190 AC,Mgo Alumin. 3.72k,0
H.K.PORTER,4105,0290 MC,Mgo Tubular  4k,0
H.K.PORTER,4106,0390 MC,Mgo Tubular  6k,0
H.K.PORTER,4107,0590 MC,Mgo Tubular  8k,0
H.K.PORTER,4110,1413 AC,Cuchill.Rpto 1490AC,0
H.K.PORTER,4111,0013 AC,Cuchill.Rpto 0090AC,0
H.K.PORTER,4112,0113 AC,Cuchill.Rpto 0190AC,0
H.K.PORTER,4115,0213 C,Cuchill.Rpto 0290MC,0
H.K.PORTER,4116,0313 C,Cuchill.Rpto 0390MC,0
H.K.PORTER,4117,0513 C,Cuchill.Rpto 0590MC,0
H.K.PORTER,4092,0290 FCS,p/Alumin.y Cobr. 2k,0
H.K.PORTER,4093,0390 FCS,p/Alumin.y Cobr. 3k,0
H.K.PORTER,4097,0890 CSJ,p/Alumin.y Cobr. 454gr.,0
H.K.PORTER,4095,0290 FHJ,"p/Acero  2,2k",0
H.K.PORTER,4098,0690TN,p/Acero  280gr.,0
PROSNIP,20961,2073 111,TIJERAS,0
PROSNIP,20962,2073 112,de  Aviación,0
PRYOR,23000,PP10010,"1,00mm OFERTA 20 %",0
PRYOR,23001,PP10015,"1,50mm OFERTA 20 %",0
PRYOR,23015,PP27010,"1,00mm OFERTA 20 %",0
PRYOR,23016,PP27015,"1,50mm OFERTA 20 %",0
PRYOR,23017,PP27020,"2,00mm OFERTA 20 %",0
PRYOR,23018,PP27025,"2,50mm OFERTA 20 %",0
PRYOR,23020,PP27040,"4,00mm OFERTA 20 %",0
PRYOR,23025,PP27125,"12,50mm OFERTA 20 %",0
PRYOR,23030,PR10015,"1,50mm OFERTA 20 %",0
PRYOR,23031,PR10020,"2,00mm OFERTA 20 %",0
PRYOR,23033,PR10040,"4,00mm OFERTA 20 %",0
PRYOR,23034,PR10050,"5,00mm OFERTA 20 %",0
PRYOR,23035,PR10060,"6,00mm OFERTA 20 %",0
PRYOR,23040,PR27015,"1,50mm OFERTA 20 %",0
PRYOR,23041,PR27020,"2,00mm OFERTA 20 %",0
PRYOR,23042,PR27030,"3,00mm OFERTA 20 %",0
PRYOR,23043,PR27040,"4,00mm OFERTA 20 %",0
PRYOR,23044,PR27050,"5,00mm OFERTA 20 %",0
PRYOR,23045,PR27060,"6,00mm OFERTA 20 %",0
PRYOR,23052,TPF020,"2,00mm OFERTA 20 %",0
PRYOR,23055,TPF040,"4,00mm OFERTA 20 %",0
PRYOR,23056,TPF050,"5,00mm OFERTA 20 %",0
PRYOR,23057,H32020,OFERTA 20 %,0
PRYOR,23058,H635029,OFERTA 20 %,0
PRYOR,23059,H8039,OFERTA 20 %,0
IRWIN,21200,,"1964717 Prensa QUICK GRIP 6""",0
IRWIN,21202,,"1964718 Prensa QUICK GRIP 12""",0
IRWIN,21204,,"1964719 Prensa QUICK GRIP 18""",0
IRWIN,21206,,"1964720 Prensa QUICK GRIP 24""",0
IRWIN,21208,,"1964741 Prensa QUICK GRIP 36""",0
IRWIN,21214,,"58100 Prensa Quick-Grip de resina de 1""",0
IRWIN,21216,,"58200 Prensa Quick-Grip de resina de 2""",0
IRWIN,21218,,"58300 Prensa Quick-Grip de resina de 3""",0
IRWIN,21232,,"59100CD Prensa autoajustable 1-1/2""",0
IRWIN,21233,,"59200CD Prensa autoajustable 2""",0
IRWIN,21234,,"59400CD Prensa autoajustable 4""",0
IRWIN,20908,,302L3 Alicate de Presion 7R,0
IRWIN,20909,,102L3 Alicate de Presion 10R,0
IRWIN,20900,,1002L3 Alicate de Presion 4WR,0
IRWIN,20903,,502L3 Alicate de Presion 10WR,0
IRWIN,20902,,702L3 Alicate de Presion 7WR,0
IRWIN,20901,,902L3 Alicate de Presion 5WR,0
IRWIN,20912,,1402L3 Alicate de Presion 6LN,0
IRWIN,20913,,1502L3 Alicate de Presion 9LN,0
IRWIN,20911,,1602L3 Alicate de Presion 4LN,0
IRWIN,20927,,"19 Alicate de Presion Tipo ""C"" 11R",0
IRWIN,20932,,"20 Alicate de Presion Tipo ""C""  Giratoria 11 SP",0
IRWIN,20938,,23 Alicate de Presion para Lamina  8R,0
IRWIN,20919,,"12L3 7"" / 175mm",0
IRWIN,20936,,"25ZR 4"" / 100mm",0
IRWIN,20942,,"27ZR 6"" / 150mm",0
IRWIN,20917,,"9 BN 9"" / 225mm",0
IRWIN,20940,,"251- 9 AC 9"" / 225mm",0
IRWIN,20929,,"24 R 24"" / 605mm",0
IRWIN,20934,,"24 SP 24"" / 605mm",0
IRWIN,20921,,08 - 4 LW* 08 - 4 LW*,0
IRWIN,20922,,04 - 7 LW* 04 - 7 LW*,0
IRWIN,20923,,02 - 10 LW* 02 - 10 LW*,0
IRWIN,22156,IW5615,Cortador de Piso IRWIN 750H 50CM CX UN,0
IRWIN,22157,IW5617,Cortador de Piso IRWIN 775H 75CM CX UN,0
IRWIN,22160,IW1682,Pastilla de Reposicion para Cortadora de Piso,0
IRWIN,22158,IW9640,Cortador de Piso IRWIN 790H 90CM CX UN,0
IRWIN,22159,891925,Cortador de Piso IRWIN 7110H 110CM CX UN,0
IRWIN,21250,14011,"5-1/2""/140mm Z 24 OFERTA 20 %",0
IRWIN,21251,15020,"6-1/2""/165mm Z 18 OFERTA 20 %",0
IRWIN,21252,15120,"6-1/2""/165mm Z 24 OFERTA 20 %",0
IRWIN,21261,15702,"7-1/4""/184mm Z 6 OFERTA 20 %",0
IRWIN,21253,15440-55840,"7-1/4""/184mm Z 14 OFERTA 20 %",0
IRWIN,21262,15180,"8,1/4""/30mm- Z 24 OFERTA 20 %",0
IRWIN,21264,15181,"8,1/4""/30mm-Z 40 OFERTA 20 %",0
IRWIN,21266,15182,"8,1/4""/30mm- Z 60 OFERTA 20 %",0
IRWIN,21268,15184,"9""/229mm OFERTA 20 %",0
IRWIN,21283,15193,"14""/300mm Z 60 OFERTA 20 %",0
IRWIN,21284,15194,"14""/300mm Z 80 OFERTA 20 %",0
IRWIN,21286,15196,"16""/300mm Z 60 OFERTA 20 %",0
IRWIN,21287,15197,"16""/300mm Z 84 OFERTA 20 %",0
HANSON,16597,7121,7121,0
HANSON,16598,7123,7123,0
HANSON,16599,7124,7124,0
HANSON,18470,93811,6925,0
HANSON,18471,93813,6931,0
HANSON,18472,93815,6930,0
HANSON,18473,93817,6935,0
HANSON,18964,93337,60620,0
HANSON,18965,93339,60622,0
HANSON,18966,93340,60624,0
HANSON,18967,93341,60626,0
HANSON,18968,93342,60628,0
HANSON,18969,93343,60630,0
HANSON,18970,93344,60632,0
HANSON,18971,93345,60634,0
HANSON,18972,93346,60636,0
HANSON,18973,93347,60638,0
HANSON,18975,93356,60640,0
HANSON,18976,93357,60642,0
HANSON,18977,93358,60644,0
HANSON,18978,93359,60646,0
HANSON,18979,93360,60648,0
HANSON,18980,93361,60650,0
HANSON,18981,93362,60652,0
HANSON,18982,93363,60654,0
HANSON,18983,93364,60656,0
HANSON,18984,93365,60658,0
HANSON,18986,93375,60660,0
HANSON,18988,93367,60666,0
HANSON,18990,93369,60670,0
HANSON,18991,93370,60672,0
HANSON,18992,93371,60674,0
HANSON,18993,93372,60676,0
HANSON,18994,93373,60678,0
HANSON,19000,92005,60002,0
HANSON,19001,92011,60008,0
HANSON,19002,92019,60020,0
HANSON,19003,92025,60006,0
HANSON,19004,92027,60014,0
HANSON,19005,92039,60016,0
HANSON,19006,92045,60018,0
HANSON,19010,92007,60024,0
HANSON,19011,92047,60026,0
HANSON,19017,,60022,0
HANSON,19022,92073,60050,0
HANSON,19023,92075,60052,0
HANSON,19024,92077,60054,0
HANSON,19025,92079,60056,0
HANSON,19028,92595,60780,0
HANSON,19030,93003,60100,0
HANSON,19031,93007 ZR,60102,0
HANSON,19032,93011,60110,0
HANSON,19033,93013,60112,0
HANSON,19035,93017,60114,0
HANSON,19036,93019,60116,0
HANSON,19037,93021,60118,0
HANSON,19038,93481,60784,0
HANSON,19039,,60786,0
HANSON,19040,93023,60120,0
HANSON,19041,93025,60122,0
HANSON,19042,93029,60124,0
HANSON,19045,93063,60126,0
HANSON,19046,93067,60128,0
HANSON,19047,93069,60130,0
HANSON,19052,,60108,0
HANSON,19055,,60170,0
HANSON,19056,,60172,0
HANSON,19060,,60176,0
HANSON,19061,,60178,0
HANSON,19065,,60182,0
HANSON,19066,,60184,0
HANSON,19067,,60186,0
HANSON,19071,92107,60202,0
HANSON,19072,92111,60204,0
HANSON,19073,92113,60206,0
HANSON,19074,92115,60208,0
HANSON,19075,92135,60210,0
HANSON,19076,92139,60212,0
HANSON,19077,92141,60214,0
HANSON,19078,92143,60216,0
HANSON,19079,92145,60218,0
HANSON,19080,92147,60220,0
HANSON,19084,92165,60250,0
HANSON,19085,92169,60252,0
HANSON,19086,92171,60254,0
HANSON,19087,92173,60256,0
HANSON,19088,92175,60260,0
HANSON,19089,92177,60262,0
HANSON,19092,93103,60404,0
HANSON,19093,93105,60406,0
HANSON,19094,93107,60410,0
HANSON,19095,93109,60412,0
HANSON,19096,93111,60414,0
HANSON,19097,93113,60416,0
HANSON,19098,93115,60418,0
HANSON,19100,93123,60420,0
HANSON,19101,93125,60422,0
HANSON,19102,93127,60424,0
HANSON,19103,93129,60426,0
HANSON,19104,93131,60428,0
HANSON,19105,93133,60430,0
HANSON,19106,93135,60432,0
HANSON,19110,93139,60438,0
HANSON,19111,93141,60440,0
HANSON,19112,93143,60444,0
HANSON,19113,93145,60446,0
HANSON,19114,93147,60448,0
HANSON,19115,93149,60450,0
HANSON,19116,93151,60452,0
HANSON,19120,93157,60458,0
HANSON,19121,93159,60460,0
HANSON,19122,93161,60462,0
HANSON,19123,93163,60464,0
HANSON,19124,93165,60466,0
HANSON,19125,93167,60468,0
HANSON,19136,,60480,0
HANSON,19137,93191,60481,0
HANSON,19138,,60482,0
HANSON,19139,,60483,0
HANSON,19140,93195,60484,0
HANSON,19141,,60485,0
HANSON,19142,,60486,0
HANSON,19145,92306,60500,0
HANSON,19146,92309,60502,0
HANSON,19147,92312,60504,0
HANSON,19148,92315,60506,0
HANSON,19149,92318,60508,0
HANSON,19150,92321,60510,0
HANSON,19151,92324,60512,0
HANSON,19152,92327,60514,0
HANSON,19153,92330,60516,0
HANSON,19154,92333,60518,0
HANSON,19155,92336,60520,0
HANSON,19158,92361,60560,0
HANSON,19159,92365,60562,0
HANSON,19160,92369,60564,0
HANSON,19161,92377,60566,0
HANSON,19162,92381,60568,0
HANSON,19165,92320,60530,0
HANSON,19166,92323,60532,0
HANSON,19167,92326,60534,0
HANSON,19168,92329,60536,0
HANSON,19169,92332,60538,0
HANSON,19170,92335,60540,0
HANSON,19171,92338,60542,0
HANSON,19175,,60570,0
HANSON,19176,,60572,0
HANSON,19177,,60574,0
HANSON,19235,92083,60700,0
HANSON,19236,92085,60702,0
HANSON,19237,92087,60708,0
HANSON,19248,93073,60720,0
HANSON,19249,93077,60722,0
HANSON,19250,93079,60724,0
HANSON,19253,93030,60726,0
HANSON,19255,93032,60730,0
HANSON,19258,93036,60732,0
HANSON,19259,93037,60734,0
HANSON,19260,93038,60736,0
HANSON,19262,92403,60800,0
HANSON,19263,92411,60802,0
HANSON,19264,92415,60804,0
HANSON,19265,92419,60806,0
HANSON,19266,92423,60808,0
HANSON,19267,92427,60810,0
HANSON,19268,92431,60812,0
HANSON,19270,92443,60816,0
HANSON,19271,92451,60818,0
HANSON,19272,92467,60820,0
HANSON,19273,92483,60822,0
HANSON,19274,92507,60830,0
HANSON,19275,92509,60832,0
HANSON,19276,92511,60834,0
HANSON,19277,92513,60836,0
HANSON,19278,92515,60838,0
HANSON,19279,92517,60840,0
HANSON,19282,92489,60850,0
HANSON,19284,92493,60854,0
HANSON,19285,92495,60855,0
HANSON,19286,92497,60856,0
HANSON,19287,92499,60858,0
HANSON,19288,92525,60860,0
HANSON,19289,92527,60862,0
HANSON,19290,92529,60864,0
HANSON,19291,92531,60866,0
HANSON,19292,92533,60868,0
HANSON,19295,93403,60900,0
HANSON,19297,93407,60904,0
HANSON,19298,93409,60906,0
HANSON,19299,93411,60908,0
HANSON,19302,93419,60914,0
HANSON,19303,93423,60916,0
HANSON,19304,93427,60918,0
HANSON,19308,93711,61200,0
HANSON,19309,93717,61203,0
HANSON,19310,,61215,0
HANSON,19313,93729,61206,0
HANSON,19314,93731,61208,0
HANSON,19315,93733,61210,0
HANSON,19318,93712,61222,0
HANSON,19319,93718,61223,0
HANSON,19323,93730,61226,0
HANSON,19324,93732,61228,0
HANSON,19325,93734,61230,0
HANSON,19326,93736,61232,0
HANSON,19336,,61240,0
HANSON,19337,,61242,0
HANSON,19339,,61244,0
HANSON,19340,,61246,0
HANSON,19342,94211,61640=61650,0
HANSON,19343,94215,61642,0
HANSON,19344,94231,61644,0
HANSON,19345,94251,61646,0
HANSON,19346,94271,61648,0
HANSON,19348,94311,61600,0
HANSON,19350,94331,61602,0
HANSON,19351,94335,61610,0
HANSON,19352,94351,61604,0
HANSON,19353,94355,61612,0
HANSON,19354,94371,61606,0
HANSON,19357,94212,61650,0
HANSON,19358,94216,61658,0
HANSON,19359,94232,61652,0
HANSON,19360,94252,61654,0
HANSON,19361,94272,61656,0
HANSON,19362,94202,61690,0
HANSON,19363,94204 ZR,61692,0
HANSON,19364,94206,61694,0
HANSON,19366,94312,61620,0
HANSON,19367,94316,61628,0
HANSON,19368,94332,61622,0
HANSON,19369,94336,61630,0
HANSON,19370,94352,61624,0
HANSON,19371,94356,61632,0
HANSON,19372,-------,61626,0
HANSON,19376,94131,61672,0
HANSON,19378,94171,61676,0
HANSON,19380,94112 ZR,61660,0
HANSON,19383,94172,61666,0
HANSON,19390,93755,61300,0
HANSON,19391,93758,61302,0
HANSON,19392,93763,61303,0
HANSON,19393,93771,61304,0
HANSON,19394,93776,61306,0
HANSON,19395,93779,61308,0
HANSON,19396,93756,61350,0
HANSON,19397,93761,61352,0
HANSON,19398,93765,61353,0
HANSON,19399,93773,61354,0
HANSON,19400,93775,61355,0
HANSON,19401,93777,61356,0
HANSON,19410,93782,61500,0
HANSON,19411,93784,61502,0
HANSON,19412,93787,61503,0
HANSON,19413,93790,61504,0
HANSON,19414,93793,61506,0
HANSON,19417,93795,61552,0
HANSON,19418,93797,61553,0
HANSON,19419,93799,61554,0
HANSON,19529,93781,61400,0
HANSON,19530,93783,61402,0
HANSON,19531,93786,61403,0
HANSON,19532,93789,61404,0
HANSON,19533,-------,61405,0
HANSON,19534,93792,61406,0
HANSON,19535,-------,61408,0
TWILL,21300,40224,.1/16 OFERTA 20 %,0
TWILL,21301,40225,.5/64 OFERTA 20 %,0
TWILL,21302,40226,.3/32 OFERTA 20 %,0
TWILL,21306,40234,.7/32 OFERTA 20 %,0
TWILL,21308,40240,.5/16 OFERTA 20 %,0
TWILL,21309,40244,.3/8 OFERTA 20 %,0
TWILL,21310,40248,.7/16 OFERTA 20 %,0
TWILL,21312,40256,.9/16 OFERTA 20 %,0
TWILL,21313,40260,.5/8 OFERTA 20 %,0
TWILL,21550,41061,"1,50mm OFERTA 20 %",0
TWILL,21553,41072,"2,25mm OFERTA 20 %",0
TWILL,21559,41093,"3,75mm OFERTA 20 %",0
TWILL,21563,41105,"4,75mm OFERTA 20 %",0
TWILL,21567,41117,"5,75mm OFERTA 20 %",0
TWILL,21569,41123,"6,25mm OFERTA 20 %",0
TWILL,21571,41129,"6,75mm OFERTA 20 %",0
TWILL,21573,41135,"7,25mm OFERTA 20 %",0
TWILL,21574,41138,"7,50mm OFERTA 20 %",0
TWILL,21575,41141,"7,75mm OFERTA 20 %",0
TWILL,21577,41147,"8,25mm OFERTA 20 %",0
TWILL,21578,41150,"8,50mm OFERTA 20 %",0
TWILL,21579,41153,"8,75mm OFERTA 20 %",0
TWILL,21580,41156,"9,00mm OFERTA 20 %",0
TWILL,21581,41159,"9,25mm OFERTA 20 %",0
TWILL,21582,41161,"9,50mm OFERTA 20 %",0
TWILL,21583,41164,"9,75mm OFERTA 20 %",0
TWILL,21586,41173,"10,50mm OFERTA 20 %",0
TWILL,21588,41178,"11,00mm OFERTA 20 %",0
TWILL,21590,41184,"11,50mm OFERTA 20 %",0
TWILL,21592,41190,"12,00mm OFERTA 20 %",0
TWILL,21594,41192,"12,50mm OFERTA 20 %",0
TWILL,21596,41194,"13,00mm OFERTA 20 %",0
TWILL,21880,41880,3mm OFERTA 20 %,0
TWILL,21883,41886,6mm OFERTA 20 %,0
TWILL,21886,41892,9mm OFERTA 20 %,0
TWILL,21888,41896,11mm OFERTA 20 %,0
TWILL,21889,41898,12mm OFERTA 20 %,0
TWILL,21890,41900,13mm OFERTA 20 %,0
TWILL,21611,41964,"10,25mm OFERTA 20 %",0
TWILL,21613,41970,"10,75mm OFERTA 20 %",0
TWILL,21614,41973,"11,00mm OFERTA 20 %",0
TWILL,21615,41976,"11,25mm OFERTA 20 %",0
TWILL,21616,41979,"11,50mm OFERTA 20 %",0
TWILL,21617,41982,"11,75mm OFERTA 20 %",0
TWILL,21618,41985,"12,00mm OFERTA 20 %",0
TWILL,21619,41989,"12,25mm OFERTA 20 %",0
TWILL,21623,42000,"13,25mm OFERTA 20 %",0
TWILL,21625,42006,"13,75mm OFERTA 20 %",0
TWILL,21629,42018,"14,75mm OFERTA 20 %",0
TWILL,21631,42024,"15,25mm OFERTA 20 %",0
TWILL,21632,42027,"15,50mm OFERTA 20 %",0
TWILL,21633,42030,"15,75mm OFERTA 20 %",0
TWILL,21637,42042,"16,75mm OFERTA 20 %",0
TWILL,21639,42048,"17,25mm OFERTA 20 %",0
TWILL,21641,42054,"17,75mm OFERTA 20 %",0
TWILL,21643,42060,"18,25mm OFERTA 20 %",0
TWILL,21644,42063,"18,50mm OFERTA 20 %",0
TWILL,21645,42066,"18,75mm OFERTA 20 %",0
TWILL,21649,42078,"19,75mm OFERTA 20 %",0
TWILL,21653,42090,"20,75mm OFERTA 20 %",0
TWILL,21655,42096,"21,25mm OFERTA 20 %",0
TWILL,21656,42099,"21,50mm OFERTA 20 %",0
TWILL,21661,42108,"22,75mm OFERTA 20 %",0
TWILL,21663,42110,"23,25mm OFERTA 20 %",0
TWILL,21665,42112,"23,75mm OFERTA 20 %",0
TWILL,21667,42114,"24,25mm OFERTA 20 %",0
TWILL,21673,42120,"25,75mm OFERTA 20 %",0
TWILL,21675,42122,"26,25mm OFERTA 20 %",0
TWILL,21677,42124,"26,75mm OFERTA 20 %",0
TWILL,21680,42127,"27,50mm OFERTA 20 %",0
TWILL,21681,42128,"27,75mm OFERTA 20 %",0
TWILL,21685,42132,"28,75mm OFERTA 20 %",0
TWILL,21687,42134,"29,25mm OFERTA 20 %",0
TWILL,21688,42135,"29,50mm OFERTA 20 %",0
TWILL,21689,42136,"29,75mm OFERTA 20 %",0
TWILL,21699,42147,"32,50mm OFERTA 20 %",0
TWILL,21700,42149,"33,00mm OFERTA 20 %",0
TWILL,21701,42150,"33,50mm OFERTA 20 %",0
TWILL,21703,42152,"34,50mm OFERTA 20 %",0
TWILL,21705,42154,"35,50mm OFERTA 20 %",0
TWILL,21706,42155,"36,00mm OFERTA 20 %",0
TWILL,21707,42156,"36,50mm OFERTA 20 %",0
TWILL,21708,42157,"37,00mm OFERTA 20 %",0
TWILL,21709,42158,"37,50mm OFERTA 20 %",0
TWILL,21711,42160,"38,50mm OFERTA 20 %",0
TWILL,21712,42161,"39,00mm OFERTA 20 %",0
TWILL,21715,42164,"40,50mm OFERTA 20 %",0
TWILL,21717,42166,"41,50mm OFERTA 20 %",0
TWILL,21718,42167,"42,00mm OFERTA 20 %",0
TWILL,21719,42168,"42,50mm OFERTA 20 %",0
TWILL,21720,42169,"43,00mm OFERTA 20 %",0
TWILL,21721,42170,"43,50mm OFERTA 20 %",0
TWILL,21725,42174,"45,50mm OFERTA 20 %",0
TWILL,21726,42175,"46,00mm OFERTA 20 %",0
TWILL,21729,42181,"49,00mm OFERTA 20 %",0
TWILL,21790,42721,"1,00x3,15mm OFERTA 20 %",0
TWILL,21791,42722,"1,25x3,15mm OFERTA 20 %",0
TWILL,21792,42723,"1,60x4,00mm OFERTA 20 %",0
TWILL,21798,42729,"6,30x16,00mm OFERTA 20 %",0
TWILL,21799,42730,"8,00x20,00mm OFERTA 20 %",0
TWILL,21800,42731,"10,00  x25mm OFERTA 20 %",0
TWILL,21736,37932,"4,00mm OFERTA 20 %",0
TWILL,21740,37944,"12,00mm OFERTA 20 %",0
TWILL,21764,38040,"17,00mm OFERTA 20 %",0
TWILL,21769,38047,"24,00mm OFERTA 20 %",0
NICHOLSON,3550,05652,"Bastarda 4""/ 114mm BRASIL SUELTAS",0
NICHOLSON,3551,05675,"2° Corte  4""/ 114mm BRASIL SUELTAS",0
NICHOLSON,3552,05698,"Fina       4""/ 114mm BRASIL SUELTAS",0
NICHOLSON,3555,05738,"Bastarda 6""/ 150mm BRASIL SUELTAS",0
NICHOLSON,3556,05771,"2° Corte  6""/ 150mm BRASIL SUELTAS",0
NICHOLSON,3557,05804,"Fina       6""/ 150mm BRASIL SUELTAS",0
NICHOLSON,3560,05853,"Bastarda 8""/ 200mm BRASIL SUELTAS",0
NICHOLSON,3561,05886,"2° Corte  8""/ 200mm BRASIL SUELTAS",0
NICHOLSON,3562,05919,"Fina       8""/ 200mm BRASIL SUELTAS",0
NICHOLSON,3565,05968,"Bastarda 10""/ 250mm BRASIL SUELTAS",0
NICHOLSON,3566,06001,"2° Corte  10""/ 250mm BRASIL SUELTAS",0
NICHOLSON,3567,06034,"Fina       10""/ 250mm BRASIL SUELTAS",0
NICHOLSON,3570,06084,"Bastarda 12""/ 300mm BRASIL SUELTAS",0
NICHOLSON,3571,06117,"2° Corte  12""/ 300mm BRASIL SUELTAS",0
NICHOLSON,3572,06150,"Fina       12""/ 300mm BRASIL SUELTAS",0
NICHOLSON,3581,11559,"2° Corte  4""/ 101mm BRASIL SUELTAS",0
NICHOLSON,3582,11592,"Fina       4""/ 101mm BRASIL SUELTAS",0
NICHOLSON,3585,11716,"Bastarda 6""/ 150mm BRASIL SUELTAS",0
NICHOLSON,3586,11748,"2° Corte  6""/ 150mm BRASIL SUELTAS",0
NICHOLSON,3587,11781,"Fina       6""/ 150mm BRASIL SUELTAS",0
NICHOLSON,3590,11904,"Bastarda 8""/ 200mm BRASIL SUELTAS",0
NICHOLSON,3591,11936,"2° Corte  8""/ 200mm BRASIL SUELTAS",0
NICHOLSON,3592,11969,"Fina       8""/ 200mm BRASIL SUELTAS",0
NICHOLSON,3595,12019,"Bastarda 10""/ 250mm BRASIL SUELTAS",0
NICHOLSON,3596,12051,"2° Corte  10""/ 250mm BRASIL SUELTAS",0
NICHOLSON,3597,12084,"Fina       10""/ 250mm BRASIL SUELTAS",0
NICHOLSON,3600,12134,"Bastarda 12""/ 300mm BRASIL SUELTAS",0
NICHOLSON,3601,12166,"2° Corte  12""/ 300mm BRASIL SUELTAS",0
NICHOLSON,3602,12199,"Fina       12""/ 300mm BRASIL SUELTAS",0
NICHOLSON,3605,12248,"Bastarda 14""/ 356mm BRASIL SUELTAS",0
NICHOLSON,3660,06711,"Bastarda 4""/ 114mm BRASIL SUELTAS",0
NICHOLSON,3662,06773,"Fina       4""/ 114mm BRASIL SUELTAS",0
NICHOLSON,3665,06804,"Bastarda 6""/ 150mm BRASIL SUELTAS",0
NICHOLSON,3666,06836,"2° Corte  6""/ 150mm BRASIL SUELTAS",0
NICHOLSON,3667,06867,"Fina       6""/ 150mm BRASIL SUELTAS",0
NICHOLSON,3670,06898,"Bastarda 8""/ 200mm BRASIL SUELTAS",0
NICHOLSON,3671,06930,"2° Corte  8""/ 200mm BRASIL SUELTAS",0
NICHOLSON,3672,06961,"Fina       8""/ 200mm BRASIL SUELTAS",0
NICHOLSON,3675,06992,"Bastarda 10""/ 250mm BRASIL SUELTAS",0
NICHOLSON,3676,07023,"2° Corte  10""/ 250mm BRASIL SUELTAS",0
NICHOLSON,3677,07054,"Fina       10""/ 250mm BRASIL SUELTAS",0
NICHOLSON,3690,04695,"Bastarda 4""/ 114mm BRASIL SUELTAS",0
NICHOLSON,3691,04729,"2° Corte  4""/ 114mm BRASIL SUELTAS",0
NICHOLSON,3692,04762,"Fina       4""/ 114mm BRASIL SUELTAS",0
NICHOLSON,3695,04795,"Bastarda 6""/ 150mm BRASIL SUELTAS",0
NICHOLSON,3696,04828,"2° Corte  6""/ 150mm BRASIL SUELTAS",0
NICHOLSON,3697,04861,"Fina       6""/ 150mm BRASIL SUELTAS",0
NICHOLSON,3700,04896,"Bastarda 8""/ 200mm BRASIL SUELTAS",0
NICHOLSON,3701,04927,"2° Corte  8""/ 200mm BRASIL SUELTAS",0
NICHOLSON,3702,04960,"Fina       8""/ 200mm BRASIL SUELTAS",0
NICHOLSON,3705,04995,"Bastarda 10""/ 250mm BRASIL SUELTAS",0
NICHOLSON,3706,05026,"2° Corte  10""/ 250mm BRASIL SUELTAS",0
NICHOLSON,3707,05059,"Fina       10""/ 250mm BRASIL SUELTAS",0
NICHOLSON,3710,05094,"Bastarda 12""/ 300mm BRASIL SUELTAS",0
NICHOLSON,3711,05125,"2° Corte  12""/ 300mm BRASIL SUELTAS",0
NICHOLSON,3712,05158,"Fina       12""/ 300mm BRASIL SUELTAS",0
NICHOLSON,3716,05225,"2° Corte  14""/ 356mm BRASIL SUELTAS",0
NICHOLSON,3717,05258,"Fina       14""/ 356mm BRASIL SUELTAS",0
NICHOLSON,3610,12790,"Bastarda 4""/ 101mm BRASIL SUELTAS",0
NICHOLSON,3611,12824,"2° Corte  4""/ 101mm BRASIL SUELTAS",0
NICHOLSON,3612,12857,"Fina       4""/ 101mm BRASIL SUELTAS",0
NICHOLSON,3615,12967,"Bastarda 6""/ 150mm BRASIL SUELTAS",0
NICHOLSON,3616,13000,"2° Corte  6""/ 150mm BRASIL SUELTAS",0
NICHOLSON,3617,13033,"Fina       6""/ 150mm BRASIL SUELTAS",0
NICHOLSON,3620,13081,"Bastarda 8""/ 200mm BRASIL SUELTAS",0
NICHOLSON,3621,13114,"2° Corte  8""/ 200mm BRASIL SUELTAS",0
NICHOLSON,3622,13147,"Fina       8""/ 200mm BRASIL SUELTAS",0
NICHOLSON,3625,13196,"Bastarda 10""/ 250mm BRASIL SUELTAS",0
NICHOLSON,3626,13229,"2° Corte  10""/ 250mm BRASIL SUELTAS",0
NICHOLSON,3627,13262,"Fina       10""/ 250mm BRASIL SUELTAS",0
NICHOLSON,3630,13310,"Bastarda 12""/ 300mm BRASIL SUELTAS",0
NICHOLSON,3631,13343,"2° Corte  12""/ 300mm BRASIL SUELTAS",0
NICHOLSON,3632,13376,"Fina       12""/ 300mm BRASIL SUELTAS",0
NICHOLSON,3635,13425,"Bastarda 14""/ 356mm BRASIL SUELTAS",0
NICHOLSON,3642,15991,"Fina       6""/ 150mm BRASIL SUELTAS",0
NICHOLSON,3647,16102,"Fina       8""/ 200mm BRASIL SUELTAS",0
NICHOLSON,3650,16147,"Bastarda 10""/ 250mm BRASIL SUELTAS",0
NICHOLSON,3651,16180,"2° Corte  10""/ 250mm BRASIL SUELTAS",0
NICHOLSON,3652,16213,"Fina       10""/ 250mm BRASIL SUELTAS",0
NICHOLSON,3766,10165,"8""/2°Cte-1 Cto redond. BRASIL SUELTAS",0
NICHOLSON,3767,10225,"10""/2°Cte-1 Cto redond. BRASIL SUELTAS",0
NICHOLSON,3768,10260,"12""/2°Cte-1 Cto redond. BRASIL SUELTAS",0
NICHOLSON,3769,07657BC,"10""Bast-1 Cto redond. C/Cabo BRASIL SUELTAS",0
NICHOLSON,3770,07688N,"12""/Bast-1 Cto redond. BRASIL SUELTAS",0
NICHOLSON,3742,17615,"Unico corte 8""/200mm BRASIL SUELTAS",0
NICHOLSON,3746,17683,"Unico corte 10""/250mm BRASIL SUELTAS",0
NICHOLSON,3747,17751,"Unico corte 12""/300mm BRASIL SUELTAS",0
NICHOLSON,3751,19394,"Bastarda 8""/200mm BRASIL SUELTAS",0
NICHOLSON,3753,19460,"Bastarda 12""/300mm BRASIL SUELTAS",0
NICHOLSON,3780,13807,"6""/ 150mm BRASIL SUELTAS",0
NICHOLSON,3781,13841,"7""/ 178mm BRASIL SUELTAS",0
NICHOLSON,3782,13875,"8""/ 200mm BRASIL SUELTAS",0
NICHOLSON,3785,14106,"4""/ 101mm BRASIL SUELTAS",0
NICHOLSON,3786,14139,"4.1/2""/ 114mm BRASIL SUELTAS",0
NICHOLSON,3787,14162,"5""/ 127mm BRASIL SUELTAS",0
NICHOLSON,3788,14224,"6""/ 150mm BRASIL SUELTAS",0
NICHOLSON,3790,14255,"7""/ 178mm BRASIL SUELTAS",0
NICHOLSON,3789,14290,"8""/ 200mm BRASIL SUELTAS",0
NICHOLSON,3795,14547,"4""/ 101mm BRASIL SUELTAS",0
NICHOLSON,3796,14579,"4.1/2""/ 114mm BRASIL SUELTAS",0
NICHOLSON,3805,01611,"6"" x 5/32"" BRASIL SUELTAS",0
NICHOLSON,3806,01692 02228B,"8"" x 5/32"" BRASIL SUELTAS",0
NICHOLSON,3807,01755  0229B,"8"" x 3/16"" BRASIL SUELTAS",0
NICHOLSON,3808,01798,"8"" x 13/64"" BRASIL SUELTAS",0
NICHOLSON,3809,01878 02230B,"8"" x 7/32"" BRASIL SUELTAS",0
NICHOLSON,3810,01966,"8"" x 1/4"" BRASIL SUELTAS",0
NICHOLSON,3534,05738BC,"Bastarda 6""/ 150mm CON CABO BRASIL",0
NICHOLSON,3535,05771BC,"2° Corte  6""/ 150mm CON CABO BRASIL",0
NICHOLSON,4603,05804BC,"Fina       6""/ 150mm CON CABO BRASIL",0
NICHOLSON,3536,05853BC,"Bastarda 8""/ 200mm CON CABO BRASIL",0
NICHOLSON,3537,05886BC,"2° Corte  8""/ 200mm CON CABO BRASIL",0
NICHOLSON,4604,05919BC,"Fina       8""/ 200mm CON CABO BRASIL",0
NICHOLSON,4605,05968BC,"Bastarda 10""/ 250mm CON CABO BRASIL",0
NICHOLSON,3538,06001BC,"2° Corte  10""/ 250mm CON CABO BRASIL",0
NICHOLSON,4606,06034BC,"Fina       10""/ 250mm CON CABO BRASIL",0
NICHOLSON,4612,11526BC,"Bastarda 4""/ 101mm CON CABO BRASIL",0
NICHOLSON,4613,11559BC,"2° Corte  4""/ 101mm CON CABO BRASIL",0
NICHOLSON,4614,11592BC,"Fina       4""/ 101mm CON CABO BRASIL",0
NICHOLSON,3539,11716BC,"Bastarda 6""/ 150mm CON CABO BRASIL",0
NICHOLSON,4615,11748BC,"2° Corte  6""/ 150mm CON CABO BRASIL",0
NICHOLSON,4616,11781BC,"Fina       6""/ 150mm CON CABO BRASIL",0
NICHOLSON,4617,11904BC,"Bastarda 8""/ 200mm CON CABO BRASIL",0
NICHOLSON,3540,11936BC,"2° Corte  8""/ 200mm CON CABO BRASIL",0
NICHOLSON,4618,11969BC,"Fina       8""/ 200mm CON CABO BRASIL",0
NICHOLSON,3541,12019BC,"Bastarda 10""/ 250mm CON CABO BRASIL",0
NICHOLSON,4619,12051BC,"2° Corte  10""/ 250mm CON CABO BRASIL",0
NICHOLSON,4620,12084BC,"Fina       10""/ 250mm CON CABO BRASIL",0
NICHOLSON,4629,06711BC,"Bastarda 4""/ 114mm CON CABO BRASIL",0
NICHOLSON,4631,06773BC,"Fina       4""/ 114mm CON CABO BRASIL",0
NICHOLSON,4632,06804BC,"Bastarda 6""/ 150mm CON CABO BRASIL",0
NICHOLSON,4634,06867BC,"Fina       6""/ 150mm CON CABO BRASIL",0
NICHOLSON,4635,06898bc,"bastarda 8""/200mm CON CABO BRASIL",0
NICHOLSON,4636,06930BC,"2° Corte  8""/ 200mm CON CABO BRASIL",0
NICHOLSON,4638,06992bc,"bastarda 10""/250mm CON CABO BRASIL",0
NICHOLSON,4637,06961BC,"Fina       8""/ 200mm CON CABO BRASIL",0
NICHOLSON,4640,07054BC,"Fina       10""/ 250mm CON CABO BRASIL",0
NICHOLSON,4642,04695BC,"Bastarda 4""/ 114mm CON CABO BRASIL",0
NICHOLSON,4643,04729BC,"2° Corte  4""/ 114mm CON CABO BRASIL",0
NICHOLSON,4644,04762BC,"Fina       4""/ 114mm CON CABO BRASIL",0
NICHOLSON,4645,04795bc,"bastarda 6""/150mm CON CABO BRASIL",0
NICHOLSON,3532,04828BC,"2° Corte  6""/ 150mm CON CABO BRASIL",0
NICHOLSON,4646,04861BC,"Fina       6""/ 150mm CON CABO BRASIL",0
NICHOLSON,4647,04896BC,"Bastarda 8""/ 200mm CON CABO BRASIL",0
NICHOLSON,3533,04927BC,"2° Corte  8""/ 200mm CON CABO BRASIL",0
NICHOLSON,4648,04960BC,"Fina       8""/ 200mm CON CABO BRASIL",0
NICHOLSON,4649,04995BC,"Bastarda 10""/ 250mm CON CABO BRASIL",0
NICHOLSON,4650,05026BC,"2° Corte  10""/ 250mm CON CABO BRASIL",0
NICHOLSON,4659,12790BC,"Bastarda 4""/ 101mm CON CABO BRASIL",0
NICHOLSON,4660,12824BC,"2° Corte  4""/ 101mm CON CABO BRASIL",0
NICHOLSON,4661,12857BC,"Fina       4""/ 101mm CON CABO BRASIL",0
NICHOLSON,4662,12967BC,"Bastarda 6""/ 150mm CON CABO BRASIL",0
NICHOLSON,3542,13000BC,"2° Corte  6""/ 150mm CON CABO BRASIL",0
NICHOLSON,4663,13033BC,"Fina       6""/ 150mm CON CABO BRASIL",0
NICHOLSON,4665,13081BC,"Bastarda 8""/ 200mm CON CABO BRASIL",0
NICHOLSON,4666,13114BC,"2° Corte  8""/ 200mm CON CABO BRASIL",0
NICHOLSON,4667,13147BC,"Fina       8""/ 200mm CON CABO BRASIL",0
NICHOLSON,4668,13196BC,"Bastarda 10""/ 250mm CON CABO BRASIL",0
NICHOLSON,4675,15925BC,"Bastarda 6""/ 150mm CON CABO BRASIL",0
NICHOLSON,4676,15991bc,"fina 6""/150mm CON CABO BRASIL",0
NICHOLSON,4678,16036BC,"Bastarda 8""/ 200mm CON CABO BRASIL",0
NICHOLSON,4680,16102BC,"Fina       8""/ 200mm CON CABO BRASIL",0
NICHOLSON,4681,16147BC,"Bastarda 10""/ 250mm CON CABO BRASIL",0
NICHOLSON,4683,16213BC,"Fina       10""/ 250mm CON CABO BRASIL",0
NICHOLSON,4710,17615BC,"Unico corte 8""/200mm CON CABO BRASIL",0
NICHOLSON,4711,17683BC,"Unico corte 10""/250mm CON CABO BRASIL",0
NICHOLSON,4714,19394BC,"Bastarda 8""/200mm CON CABO BRASIL",0
NICHOLSON,4700,13807BC,"6""/ 150mm CON CABO BRASIL",0
NICHOLSON,3543,14106BC,"4""/ 101mm CON CABO BRASIL",0
NICHOLSON,3546,14139BC,"4.1/2""/ 114mm CON CABO BRASIL",0
NICHOLSON,3544,14162BC,"5""/ 127mm CON CABO BRASIL",0
NICHOLSON,3545,14224BC,"6""/ 150mm CON CABO BRASIL",0
NICHOLSON,3547,14255BC,"7""/ 178mm CON CABO BRASIL",0
NICHOLSON,3548,14290BC,"8""/ 200mm CON CABO BRASIL",0
NICHOLSON,4686,14547BC,"4""/ 101mm CON CABO BRASIL",0
NICHOLSON,4687,14579BC,"4.1/2""/ 114mm CON CABO BRASIL",0
NICHOLSON,4688,14599BC,"5""/ 127mm CON CABO BRASIL",0
NICHOLSON,3530,01755BC3,"8"" x 3/16"" CON CABO BRASIL",0
NICHOLSON,3531,01878BC3,"8"" x 7/32"" CON CABO BRASIL",0
NICHOLSON,3961,WC 12N,ESCOFINA-FORMON,0
NICHOLSON,3962,WC 34N,ESCOFINA-FORMON,0
NICHOLSON,3960,WC 1N,ESCOFINA-FORMON,0
NICHOLSON,5201,05675,"2° Corte  4""/ 114mm USA",0
NICHOLSON,5207,05804,"Fina       6""/ 150mm USA",0
NICHOLSON,5232,11592,"Fina       4""/ 101mm USA",0
NICHOLSON,5237,11781,"Fina       6""/ 150mm USA",0
NICHOLSON,5252,12199,"Fina       12""/ 300mm USA",0
NICHOLSON,5255,12248,"Bastarda 14""/ 356mm USA",0
NICHOLSON,5296,04828,"2° Corte  6""/ 150mm USA",0
NICHOLSON,5297,04861,"Fina       6""/ 150mm USA",0
NICHOLSON,5302,04960,"Fina       8""/ 200mm USA",0
NICHOLSON,5307,05059,"Fina       10""/ 250mm USA",0
NICHOLSON,5310,05158,"Fina       12""/ 300mm USA",0
NICHOLSON,5314,05258,"Fina       14""/ 356mm USA",0
NICHOLSON,5325,12967,"Bastarda 6""/ 150mm USA",0
NICHOLSON,5326,13000,"2° Corte  6""/ 150mm USA",0
NICHOLSON,5327,13033,"Fina       6""/ 150mm USA",0
NICHOLSON,5331,13114,"2° Corte  8""/ 200mm USA",0
NICHOLSON,5332,13147,"Fina       8""/ 200mm USA",0
NICHOLSON,5336,13229,"2° Corte  10""/ 250mm USA",0
NICHOLSON,5337,13262,"Fina       10""/ 250mm USA",0
NICHOLSON,5340,13310,"Bastarda 12""/ 300mm USA",0
NICHOLSON,5341,13343,"2° Corte  12""/ 300mm USA",0
NICHOLSON,5342,13376,"Fina       12""/ 300mm USA",0
NICHOLSON,5350,15925,"Bastarda 6""/ 150mm USA",0
NICHOLSON,5355,16036,"Bastarda 8""/ 200mm USA",0
NICHOLSON,5357,16102,"Fina       8""/ 200mm USA",0
NICHOLSON,5360,16147,"Bastarda 10""/ 250mm USA",0
NICHOLSON,5361,16180,"2° Corte  10""/ 250mm USA",0
NICHOLSON,5362,16213,"Fina       10""/ 250mm USA",0
